y_true_label_ie,y_pred_label_ie,y_prob_label_ie,y_true_label_sn,y_pred_label_sn,y_prob_label_sn,y_true_label_tf,y_pred_label_tf,y_prob_label_tf,y_true_label_jp,y_pred_label_jp,y_prob_label_jp,y_true_type,y_pred_type
1,1,0.7165,1,1,0.6904,1,1,0.9448,0,0,0.1193,INFP,INFP
0,0,0.4959,1,1,0.5079,0,0,0.065,1,1,0.8852,ENTJ,ENTJ
0,1,0.546,1,1,0.6341,1,1,0.9971,0,0,0.1007,ENFP,INFP
1,1,0.9055,1,1,0.9345,1,1,0.999,1,1,0.547,INFJ,INFJ
1,0,0.4845,1,1,0.5743,1,0,0.3807,0,1,0.6424,INFP,ENTJ
1,1,0.7003,1,1,0.5792,0,0,0.288,1,0,0.427,INTJ,INTP
0,0,0.4126,1,1,0.5957,0,0,0.3617,0,0,0.3201,ENTP,ENTP
1,1,0.7057,1,1,0.9825,0,0,0.0058,0,0,0.0529,INTP,INTP
0,1,0.6269,1,1,0.5856,1,1,0.987,0,0,0.372,ENFP,INFP
0,0,0.404,1,1,0.6693,1,1,0.9996,1,0,0.1304,ENFJ,ENFP
1,1,0.5854,1,1,0.6254,1,1,0.9909,0,0,0.4064,INFP,INFP
1,0,0.3726,0,1,0.5815,0,0,0.0924,0,0,0.3754,ISTP,ENTP
1,1,0.551,1,1,0.5582,0,0,0.0719,0,0,0.323,INTP,INTP
1,1,0.8305,1,1,0.9768,0,0,0.0823,1,0,0.2197,INTJ,INTP
1,1,0.5492,1,1,0.7035,1,1,0.9638,1,1,0.917,INFJ,INFJ
1,1,0.7083,1,1,0.807,1,1,0.9857,0,0,0.4524,INFP,INFP
0,0,0.3765,1,1,0.6644,1,1,0.9936,1,1,0.5192,ENFJ,ENFJ
1,1,0.6885,1,1,0.7339,1,1,0.8105,0,1,0.6899,INFP,INFJ
1,1,0.7266,1,1,0.648,1,1,0.5401,0,0,0.1636,INFP,INFP
1,0,0.4087,1,0,0.3442,1,1,0.5319,0,0,0.3142,INFP,ESFP
1,1,0.6893,1,1,0.7533,1,1,0.9991,0,0,0.341,INFP,INFP
1,1,0.708,1,1,0.7647,0,0,0.0725,0,0,0.4452,INTP,INTP
1,1,0.599,1,1,0.5603,0,0,0.1519,1,1,0.5681,INTJ,INTJ
0,1,0.6351,0,1,0.9644,1,1,0.9147,1,0,0.2287,ESFJ,INFP
1,1,0.8322,1,1,0.8899,1,1,0.9999,0,0,0.396,INFP,INFP
1,1,0.7236,1,1,0.8824,1,1,0.9838,1,1,0.8807,INFJ,INFJ
1,1,0.7306,1,1,0.9264,0,0,0.0021,1,1,0.6582,INTJ,INTJ
0,0,0.4853,1,1,0.885,0,0,0.1184,0,0,0.2704,ENTP,ENTP
0,1,0.5325,1,1,0.7758,1,1,0.9909,0,0,0.0959,ENFP,INFP
0,1,0.5612,1,1,0.7529,0,0,0.0405,0,0,0.144,ENTP,INTP
0,1,0.6571,1,1,0.6717,1,1,0.9031,1,1,0.848,ENFJ,INFJ
1,1,0.9902,1,1,0.9817,1,1,1.0,0,0,0.1366,INFP,INFP
1,1,0.764,0,1,0.7694,1,1,0.886,0,1,0.577,ISFP,INFJ
0,0,0.4728,1,1,0.7825,0,0,0.0525,0,0,0.2283,ENTP,ENTP
1,1,0.5828,1,1,0.7068,0,0,0.086,1,1,0.8814,INTJ,INTJ
1,1,0.6432,0,0,0.385,1,0,0.4678,1,0,0.4324,ISFJ,ISTP
1,1,0.8368,1,1,0.9726,0,1,0.9406,0,1,0.5434,INTP,INFJ
1,0,0.3258,1,0,0.4762,1,1,0.7631,1,0,0.068,INFJ,ESFP
0,0,0.2756,0,0,0.2829,0,0,0.0925,0,0,0.4126,ESTP,ESTP
0,1,0.5818,0,1,0.9723,0,0,0.0004,0,0,0.0694,ESTP,INTP
1,1,0.7933,1,1,0.9331,0,0,0.0036,1,0,0.2858,INTJ,INTP
1,0,0.4654,1,0,0.39,0,0,0.285,1,1,0.8775,INTJ,ESTJ
1,1,0.7599,1,1,0.7599,1,1,0.9977,0,0,0.358,INFP,INFP
1,1,0.626,0,1,0.518,0,0,0.0454,0,0,0.4033,ISTP,INTP
1,1,0.5963,1,1,0.7143,1,1,0.8061,1,1,0.8603,INFJ,INFJ
0,1,0.675,1,1,0.8955,0,1,0.6521,0,0,0.3116,ENTP,INFP
1,1,0.7516,1,1,0.9436,1,1,0.9854,1,1,0.8527,INFJ,INFJ
1,1,0.9657,1,1,0.9667,1,1,0.9999,0,0,0.2173,INFP,INFP
1,1,0.7372,0,1,0.799,1,1,0.9432,0,0,0.236,ISFP,INFP
1,1,0.6159,1,1,0.8975,0,0,0.0176,1,1,0.7843,INTJ,INTJ
1,1,0.6512,1,1,0.7242,0,0,0.2474,1,0,0.3272,INTJ,INTP
0,0,0.4019,1,0,0.3834,1,1,0.7377,0,0,0.3237,ENFP,ESFP
1,1,0.5653,1,1,0.5921,0,0,0.4716,1,1,0.5901,INTJ,INTJ
1,1,0.5708,0,0,0.4207,0,0,0.2135,1,0,0.4286,ISTJ,ISTP
0,0,0.2651,1,1,0.8324,0,0,0.001,0,0,0.2666,ENTP,ENTP
1,1,0.9369,1,1,0.9853,1,1,0.999,1,1,0.8907,INFJ,INFJ
1,1,0.6648,1,1,0.7362,1,1,0.9793,0,0,0.4087,INFP,INFP
1,1,0.8393,1,1,0.9303,1,1,0.8606,1,0,0.3286,INFJ,INFP
1,0,0.4909,1,0,0.3078,0,0,0.1112,0,1,0.805,INTP,ESTJ
0,0,0.4312,1,1,0.7833,0,1,0.7578,1,0,0.0596,ENTJ,ENFP
1,0,0.4511,0,1,0.5496,1,1,0.9623,1,1,0.5923,ISFJ,ENFJ
1,0,0.3779,0,0,0.3499,0,0,0.1687,1,1,0.7987,ISTJ,ESTJ
1,1,0.8508,1,1,0.8973,1,1,0.9927,1,0,0.4197,INFJ,INFP
0,0,0.3782,1,1,0.5639,0,0,0.1393,0,0,0.3727,ENTP,ENTP
1,1,0.6184,1,1,0.9833,0,0,1e-04,0,0,0.2349,INTP,INTP
0,0,0.3444,1,1,0.9205,0,0,0.0004,0,0,0.1974,ENTP,ENTP
1,0,0.4635,0,1,0.7025,1,0,0.4085,1,0,0.465,ISFJ,ENTP
0,0,0.4398,1,1,0.6375,1,1,0.9993,0,0,0.3787,ENFP,ENFP
1,1,0.7647,1,1,0.796,1,1,0.9968,0,0,0.2728,INFP,INFP
0,1,0.6035,1,1,0.8767,0,1,0.6259,0,1,0.6724,ENTP,INFJ
1,1,0.779,1,1,0.9372,1,1,0.9989,1,1,0.9385,INFJ,INFJ
1,1,0.825,1,1,0.8539,1,1,0.9235,0,0,0.1427,INFP,INFP
1,1,0.597,1,1,0.9704,0,0,0.0002,0,0,0.0974,INTP,INTP
1,0,0.3892,0,1,0.5004,1,0,0.263,0,0,0.4182,ISFP,ENTP
1,1,0.6645,0,0,0.4013,0,0,0.2753,0,0,0.3742,ISTP,ISTP
1,0,0.4871,0,1,0.5006,0,1,0.7904,1,1,0.6268,ISTJ,ENFJ
1,1,0.7786,1,1,0.9233,0,0,0.205,1,1,0.6966,INTJ,INTJ
0,0,0.4678,1,1,0.822,0,1,0.9244,0,0,0.1894,ENTP,ENFP
1,1,0.848,1,1,0.9382,1,1,0.9986,1,1,0.9635,INFJ,INFJ
0,0,0.3864,1,1,0.6922,0,0,0.0101,1,1,0.569,ENTJ,ENTJ
1,1,0.9263,1,1,0.973,1,1,1.0,1,0,0.4978,INFJ,INFP
0,0,0.2574,0,1,0.6542,1,0,0.4599,1,0,0.2129,ESFJ,ENTP
1,0,0.4912,1,0,0.4189,0,0,0.2006,1,1,0.6932,INTJ,ESTJ
1,0,0.3765,1,0,0.38,1,0,0.1465,0,0,0.4538,INFP,ESTP
1,0,0.387,0,0,0.3573,1,1,0.9117,1,0,0.2933,ISFJ,ESFP
1,1,0.5479,1,0,0.4665,0,0,0.4292,1,1,0.7443,INTJ,ISTJ
1,1,0.916,1,1,0.8977,1,1,0.9959,0,0,0.0362,INFP,INFP
1,1,0.6596,0,1,0.5676,1,1,0.706,0,0,0.1701,ISFP,INFP
1,1,0.7478,1,1,0.7471,0,1,0.7694,0,0,0.2818,INTP,INFP
1,0,0.4234,0,1,0.526,0,0,0.0073,1,1,0.8374,ISTJ,ENTJ
0,0,0.2837,1,0,0.3926,1,1,0.9794,0,0,0.4127,ENFP,ESFP
1,1,0.5482,1,1,0.8818,1,1,0.959,0,0,0.4241,INFP,INFP
1,1,0.6035,1,1,0.5392,0,0,0.2103,0,0,0.3832,INTP,INTP
1,1,0.589,1,1,0.7474,1,1,0.9201,0,1,0.5285,INFP,INFJ
1,1,0.6619,1,1,0.7985,1,1,0.9696,0,0,0.1862,INFP,INFP
1,1,0.7637,1,1,0.9218,1,1,0.9105,0,1,0.7368,INFP,INFJ
1,1,0.5222,0,1,0.6512,1,1,0.9846,1,0,0.3345,ISFJ,INFP
1,1,0.827,1,1,0.7969,1,1,0.9542,0,0,0.0435,INFP,INFP
1,1,0.5203,1,0,0.4995,0,0,0.1045,1,1,0.5462,INTJ,ISTJ
1,1,0.6775,1,1,0.8016,0,0,0.0209,0,1,0.6318,INTP,INTJ
1,1,0.8854,1,1,0.8615,1,1,0.9984,0,0,0.3411,INFP,INFP
1,1,0.6502,1,1,0.8657,0,0,0.3169,0,0,0.3279,INTP,INTP
0,0,0.449,1,1,0.7126,0,0,0.1458,0,0,0.0903,ENTP,ENTP
0,1,0.7484,1,1,0.9594,0,1,0.9571,0,1,0.8636,ENTP,INFJ
1,1,0.6437,1,1,0.5789,1,1,0.9728,1,0,0.319,INFJ,INFP
1,1,0.5403,1,1,0.9658,0,0,0.0,1,0,0.2608,INTJ,INTP
1,1,0.658,1,1,0.9693,0,0,0.0021,0,0,0.2727,INTP,INTP
0,1,0.6177,1,1,0.8804,0,1,0.9965,1,0,0.2348,ENTJ,INFP
0,0,0.4583,1,1,0.5795,1,1,0.9085,0,0,0.2552,ENFP,ENFP
1,1,0.6979,1,1,0.8886,0,0,0.1193,1,1,0.716,INTJ,INTJ
1,1,0.5736,1,1,0.8768,0,0,0.0076,1,0,0.3758,INTJ,INTP
1,0,0.3821,0,0,0.3936,0,1,0.8732,0,0,0.2809,ISTP,ESFP
1,1,0.8259,1,1,0.9649,1,1,0.9849,1,1,0.5091,INFJ,INFJ
1,1,0.9625,1,1,0.9981,0,1,0.5818,1,1,0.9987,INTJ,INFJ
1,1,0.7402,1,1,0.983,0,0,0.0214,1,1,0.5029,INTJ,INTJ
1,0,0.3331,1,0,0.3019,1,0,0.3627,1,0,0.3705,INFJ,ESTP
0,0,0.2825,1,1,0.6116,0,1,0.5065,0,0,0.4436,ENTP,ENFP
1,1,0.9235,1,1,0.962,1,1,0.9991,0,0,0.0538,INFP,INFP
1,1,0.5583,1,1,0.7795,0,0,0.0137,0,0,0.4223,INTP,INTP
1,1,0.6841,1,1,0.5661,0,1,0.8072,1,1,0.5426,INTJ,INFJ
1,1,0.9498,1,1,0.9236,0,1,0.9973,1,0,0.1324,INTJ,INFP
1,1,0.8574,1,1,0.8537,1,1,0.9989,0,0,0.3974,INFP,INFP
1,1,0.8273,1,1,0.9266,0,0,0.1609,0,1,0.6848,INTP,INTJ
1,0,0.4112,1,0,0.476,0,0,0.0656,1,1,0.6209,INTJ,ESTJ
0,1,0.5674,1,1,0.7181,0,0,0.1772,0,0,0.4267,ENTP,INTP
1,1,0.7334,1,1,0.908,1,1,0.8015,0,0,0.2374,INFP,INFP
1,1,0.8173,1,1,0.8192,1,1,0.9669,1,1,0.5136,INFJ,INFJ
0,0,0.4521,1,1,0.6968,0,0,0.047,1,0,0.367,ENTJ,ENTP
1,1,0.5821,1,1,0.5964,0,0,0.1988,0,0,0.3672,INTP,INTP
1,0,0.3189,0,0,0.3326,0,1,0.6516,1,1,0.6458,ISTJ,ESFJ
1,1,0.5888,1,1,0.6901,1,1,0.9535,0,0,0.1535,INFP,INFP
1,1,0.9011,1,1,0.9681,1,1,0.9188,1,1,0.9169,INFJ,INFJ
0,0,0.2663,1,1,0.8986,0,0,0.0002,0,0,0.1101,ENTP,ENTP
1,1,0.7103,1,1,0.9322,0,0,0.0159,1,0,0.2013,INTJ,INTP
1,0,0.358,1,1,0.5531,1,0,0.1945,0,1,0.6625,INFP,ENTJ
1,0,0.4349,1,0,0.3435,1,0,0.3747,1,1,0.6632,INFJ,ESTJ
1,1,0.5703,1,1,0.9485,0,0,0.003,1,1,0.6774,INTJ,INTJ
1,0,0.4863,1,1,0.5437,0,0,0.4166,1,1,0.7385,INTJ,ENTJ
1,0,0.2979,1,0,0.2563,1,0,0.3965,1,0,0.4774,INFJ,ESTP
1,1,0.8695,1,1,0.9479,1,1,0.9869,1,0,0.3896,INFJ,INFP
1,1,0.9068,1,1,0.976,1,1,0.9988,1,1,0.9086,INFJ,INFJ
1,1,0.7228,1,1,0.9873,0,0,1e-04,1,0,0.3716,INTJ,INTP
0,1,0.5034,1,1,0.8359,0,0,0.0047,0,0,0.3783,ENTP,INTP
0,0,0.3944,1,0,0.4578,1,1,0.9289,1,1,0.5398,ENFJ,ESFJ
1,1,0.7845,1,1,0.8109,1,1,0.9291,1,1,0.7631,INFJ,INFJ
0,1,0.526,1,1,0.9189,0,0,0.0142,0,0,0.162,ENTP,INTP
1,1,0.725,1,1,0.6442,1,1,0.9868,0,0,0.2511,INFP,INFP
1,1,0.8982,1,1,0.9169,1,1,0.9964,0,0,0.3181,INFP,INFP
0,0,0.4664,1,1,0.8586,0,0,0.0808,0,0,0.1877,ENTP,ENTP
0,0,0.3286,1,1,0.5728,1,0,0.3265,0,0,0.4191,ENFP,ENTP
1,1,0.5388,1,1,0.7576,1,0,0.0134,1,0,0.3811,INFJ,INTP
0,1,0.5675,1,1,0.5143,0,1,0.5343,0,1,0.7242,ENTP,INFJ
1,1,0.759,1,1,0.8826,1,1,0.979,1,1,0.8981,INFJ,INFJ
1,0,0.3891,1,0,0.406,0,0,0.3388,1,1,0.9121,INTJ,ESTJ
1,1,0.7797,1,1,0.9488,1,1,0.9996,1,1,0.5575,INFJ,INFJ
1,1,0.6216,1,1,0.5247,1,0,0.4097,0,0,0.3174,INFP,INTP
1,1,0.5127,1,1,0.693,1,1,0.9201,0,1,0.5141,INFP,INFJ
1,1,0.5129,1,1,0.6065,1,1,0.9958,1,0,0.3506,INFJ,INFP
1,0,0.3821,1,1,0.5023,1,0,0.3294,1,0,0.3948,INFJ,ENTP
0,1,0.5071,1,1,0.5174,1,0,0.3111,1,1,0.7817,ENFJ,INTJ
1,0,0.4548,1,1,0.5637,0,0,0.2214,1,1,0.6684,INTJ,ENTJ
0,1,0.5293,1,1,0.5624,0,1,0.9758,0,1,0.5174,ENTP,INFJ
0,0,0.3629,1,1,0.8862,0,0,0.0005,0,0,0.0831,ENTP,ENTP
1,1,0.6434,0,0,0.4247,0,1,0.7057,0,0,0.4022,ISTP,ISFP
0,1,0.5225,1,0,0.4941,0,1,0.8215,1,0,0.4829,ENTJ,ISFP
1,1,0.5683,1,1,0.707,1,1,0.83,0,1,0.648,INFP,INFJ
1,1,0.6695,0,1,0.696,1,1,0.9934,0,0,0.4763,ISFP,INFP
1,1,0.8007,1,1,0.9289,1,1,0.9942,0,1,0.8289,INFP,INFJ
1,1,0.6136,1,1,0.6591,0,0,0.0925,1,0,0.4959,INTJ,INTP
1,0,0.3277,0,0,0.389,0,0,0.0929,1,0,0.4181,ISTJ,ESTP
1,1,0.6419,1,1,0.8735,1,0,0.0041,0,0,0.3766,INFP,INTP
1,1,0.9534,1,1,0.9955,1,1,1.0,1,1,0.9901,INFJ,INFJ
1,1,0.6415,1,1,0.8425,0,0,0.0799,0,0,0.2139,INTP,INTP
0,0,0.35,1,1,0.5983,1,0,0.1084,0,0,0.2124,ENFP,ENTP
1,1,0.9456,1,1,0.957,1,1,0.9995,0,1,0.6442,INFP,INFJ
0,0,0.2453,1,1,0.5636,1,1,0.9996,0,0,0.2383,ENFP,ENFP
1,1,0.7068,1,1,0.9534,1,1,0.5704,0,1,0.5636,INFP,INFJ
1,1,0.9726,1,1,0.9927,1,1,1.0,1,1,0.7,INFJ,INFJ
1,1,0.7209,1,1,0.9481,0,0,0.1663,1,0,0.3526,INTJ,INTP
1,0,0.3046,0,1,0.5169,0,0,0.0888,0,0,0.2786,ISTP,ENTP
1,1,0.8064,1,1,0.8391,0,1,0.9479,1,1,0.5249,INTJ,INFJ
1,1,0.9201,1,1,0.9526,1,1,0.9991,0,0,0.2951,INFP,INFP
0,1,0.5916,1,0,0.474,1,1,0.6607,1,0,0.3865,ENFJ,ISFP
0,1,0.7339,1,1,0.9175,1,0,0.4679,0,1,0.5937,ENFP,INTJ
1,0,0.3451,0,1,0.5802,0,0,0.1284,1,1,0.5745,ISTJ,ENTJ
0,0,0.4857,1,1,0.7739,1,1,0.778,0,0,0.0522,ENFP,ENFP
1,1,0.5272,1,1,0.7057,1,1,0.9972,0,0,0.2113,INFP,INFP
1,0,0.3631,1,1,0.7426,0,0,0.0086,0,0,0.3332,INTP,ENTP
1,1,0.5985,0,1,0.6353,1,1,0.9862,0,0,0.4955,ISFP,INFP
0,0,0.4898,1,1,0.5192,1,0,0.2668,0,0,0.4891,ENFP,ENTP
1,1,0.869,1,1,0.8412,1,1,0.9756,0,0,0.0472,INFP,INFP
1,1,0.5918,1,1,0.7635,1,0,0.4469,1,1,0.7049,INFJ,INTJ
1,1,0.6379,1,1,0.8888,1,1,0.9901,0,0,0.2975,INFP,INFP
1,1,0.5894,1,1,0.9598,0,0,0.0011,0,0,0.133,INTP,INTP
0,0,0.2178,1,1,0.5914,1,1,0.9381,0,0,0.2454,ENFP,ENFP
1,0,0.3727,1,1,0.5577,1,0,0.2275,1,0,0.2066,INFJ,ENTP
1,1,0.5332,1,1,0.5392,1,1,0.9561,1,1,0.5152,INFJ,INFJ
0,0,0.3521,1,1,0.8035,0,0,0.0005,1,1,0.5018,ENTJ,ENTJ
1,1,0.5434,1,1,0.9697,0,0,0.0047,0,0,0.0667,INTP,INTP
1,1,0.8621,1,1,0.9538,1,1,0.957,1,1,0.5983,INFJ,INFJ
0,1,0.8648,1,1,0.9378,1,1,0.9997,1,0,0.4897,ENFJ,INFP
0,0,0.4846,1,1,0.724,0,0,0.0106,0,0,0.3775,ENTP,ENTP
0,1,0.5898,1,1,0.8355,1,1,1.0,0,0,0.332,ENFP,INFP
1,1,0.5839,1,1,0.9199,0,0,0.0078,0,0,0.2469,INTP,INTP
1,1,0.9144,1,1,0.9252,1,1,0.9989,0,0,0.1272,INFP,INFP
1,1,0.8582,1,1,0.9216,1,1,1.0,1,0,0.3191,INFJ,INFP
1,1,0.6514,0,1,0.7746,1,1,0.9977,0,1,0.5334,ISFP,INFJ
1,1,0.5351,1,1,0.5055,1,1,0.9374,1,0,0.3939,INFJ,INFP
1,1,0.7569,1,1,0.8599,0,0,0.026,0,0,0.1344,INTP,INTP
1,1,0.7912,1,1,0.7264,0,0,0.0606,0,0,0.1088,INTP,INTP
0,0,0.449,1,1,0.5987,0,0,0.0171,0,0,0.1775,ENTP,ENTP
1,1,0.8773,1,1,0.9712,0,1,0.5524,0,1,0.511,INTP,INFJ
1,1,0.662,1,1,0.9093,0,0,0.003,1,0,0.3722,INTJ,INTP
0,1,0.5445,1,1,0.6532,1,1,0.9588,0,0,0.2335,ENFP,INFP
0,1,0.5161,1,0,0.3202,0,0,0.2348,1,1,0.699,ENTJ,ISTJ
1,0,0.3844,0,0,0.4148,0,0,0.0843,1,1,0.7104,ISTJ,ESTJ
1,1,0.6012,1,1,0.6179,1,1,0.6416,0,1,0.7456,INFP,INFJ
1,1,0.6992,1,1,0.7234,1,1,0.9938,0,0,0.123,INFP,INFP
1,0,0.441,0,1,0.7143,1,1,0.5327,1,0,0.4803,ISFJ,ENFP
1,1,0.6609,1,1,0.946,0,0,0.038,0,0,0.134,INTP,INTP
0,1,0.6327,1,0,0.4691,1,1,0.9876,0,0,0.1003,ENFP,ISFP
1,1,0.8468,1,1,0.8544,1,1,0.8552,0,0,0.3076,INFP,INFP
1,1,0.6825,1,1,0.8456,1,1,1.0,1,0,0.2931,INFJ,INFP
1,1,0.621,1,1,0.6548,1,1,0.88,0,1,0.5494,INFP,INFJ
1,1,0.7529,1,1,0.9548,0,0,0.0237,1,0,0.3875,INTJ,INTP
1,1,0.8146,1,1,0.8735,1,1,0.6562,1,1,0.5343,INFJ,INFJ
0,1,0.6667,1,1,0.8388,1,1,0.9112,1,1,0.851,ENFJ,INFJ
0,1,0.6536,1,1,0.9031,0,0,0.2706,1,0,0.3927,ENTJ,INTP
1,1,0.8196,1,1,0.8658,0,0,0.1413,1,1,0.8826,INTJ,INTJ
1,1,0.9246,1,1,0.9611,1,1,1.0,0,0,0.2339,INFP,INFP
1,0,0.4369,1,1,0.9308,0,0,0.0041,0,0,0.1235,INTP,ENTP
1,0,0.4051,1,0,0.3535,0,1,0.5423,0,1,0.579,INTP,ESFJ
1,1,0.6583,1,1,0.8126,1,1,0.9998,0,0,0.2327,INFP,INFP
1,1,0.9275,1,1,0.957,1,1,0.996,0,0,0.0799,INFP,INFP
1,1,0.5902,1,1,0.8274,0,0,0.3367,0,0,0.268,INTP,INTP
1,1,0.742,1,1,0.9733,0,0,0.0373,0,0,0.4275,INTP,INTP
0,0,0.462,0,1,0.6254,1,1,0.6303,1,1,0.8064,ESFJ,ENFJ
1,1,0.9024,1,1,0.9495,1,1,0.9956,0,0,0.3242,INFP,INFP
1,0,0.3591,1,1,0.6676,0,0,0.0568,0,0,0.1645,INTP,ENTP
0,0,0.3246,1,0,0.3965,0,1,0.5329,1,1,0.5381,ENTJ,ESFJ
1,0,0.4958,1,1,0.5696,1,1,0.931,0,0,0.4236,INFP,ENFP
0,1,0.672,1,1,0.9692,0,0,0.1788,0,0,0.3296,ENTP,INTP
0,0,0.3907,1,1,0.8158,0,0,0.0042,0,0,0.0392,ENTP,ENTP
1,1,0.587,1,1,0.8302,0,0,0.2531,1,1,0.5017,INTJ,INTJ
1,1,0.7894,0,1,0.9081,1,1,0.8408,1,1,0.7706,ISFJ,INFJ
1,0,0.4939,1,1,0.6092,0,0,0.0247,1,1,0.574,INTJ,ENTJ
1,0,0.4162,0,1,0.6594,1,1,0.8275,0,0,0.3037,ISFP,ENFP
1,1,0.5492,1,1,0.7118,1,1,0.9838,0,0,0.36,INFP,INFP
1,1,0.5718,1,1,0.5999,1,0,0.4279,0,0,0.227,INFP,INTP
1,0,0.3642,1,0,0.43,0,1,0.8281,1,0,0.3727,INTJ,ESFP
1,1,0.801,1,1,0.9236,1,1,0.9997,0,1,0.7792,INFP,INFJ
0,1,0.6121,1,1,0.9652,0,0,0.0077,0,1,0.6286,ENTP,INTJ
1,1,0.7128,1,1,0.8642,0,0,0.3942,0,0,0.322,INTP,INTP
0,1,0.5369,1,1,0.6578,1,1,0.9681,0,0,0.0974,ENFP,INFP
1,1,0.9548,1,1,0.9818,1,1,0.9976,0,0,0.408,INFP,INFP
1,0,0.418,1,1,0.9838,0,0,1e-04,0,0,0.0247,INTP,ENTP
1,1,0.7024,1,1,0.9846,0,0,0.0002,0,0,0.4141,INTP,INTP
1,1,0.9793,1,1,0.9952,1,1,1.0,1,1,0.6368,INFJ,INFJ
1,1,0.6171,1,1,0.8751,1,1,0.837,1,1,0.8582,INFJ,INFJ
1,1,0.6795,1,1,0.8314,1,1,0.9911,1,1,0.6486,INFJ,INFJ
1,0,0.4429,0,0,0.3576,1,0,0.4795,0,0,0.4483,ISFP,ESTP
0,0,0.4207,1,0,0.3189,0,0,0.4226,0,0,0.3971,ENTP,ESTP
1,0,0.4709,1,1,0.5436,0,0,0.1097,1,1,0.7366,INTJ,ENTJ
1,1,0.5508,0,1,0.7129,0,0,0.0042,0,0,0.2932,ISTP,INTP
1,1,0.8405,1,1,0.9401,1,1,0.9992,1,1,0.9327,INFJ,INFJ
1,0,0.4839,1,0,0.498,1,1,0.9373,0,1,0.5011,INFP,ESFJ
1,1,0.9509,1,1,0.9781,1,1,1.0,1,1,0.6743,INFJ,INFJ
1,1,0.7491,1,1,0.9366,0,0,0.0232,1,0,0.2304,INTJ,INTP
1,1,0.7167,0,1,0.8747,1,0,0.4641,0,0,0.4875,ISFP,INTP
0,0,0.3969,1,0,0.4465,1,1,0.7759,1,0,0.4156,ENFJ,ESFP
1,1,0.5744,1,1,0.7737,0,0,0.0052,0,0,0.3287,INTP,INTP
1,1,0.9321,1,1,0.9671,1,1,1.0,0,1,0.5667,INFP,INFJ
0,1,0.7763,1,1,0.9876,0,1,0.7419,0,0,0.3697,ENTP,INFP
1,1,0.6451,0,1,0.7223,0,0,0.1073,0,0,0.2422,ISTP,INTP
1,1,0.5772,1,1,0.7242,1,0,0.4273,0,0,0.2491,INFP,INTP
1,1,0.8755,1,1,0.9396,1,1,1.0,0,0,0.1931,INFP,INFP
1,0,0.2572,0,0,0.4365,0,0,0.4972,0,1,0.5333,ISTP,ESTJ
1,1,0.5277,0,0,0.3675,1,1,0.5489,1,0,0.4228,ISFJ,ISFP
1,1,0.5823,1,1,0.6496,1,0,0.3547,0,1,0.5904,INFP,INTJ
1,1,0.5298,1,1,0.7083,0,1,0.7222,1,1,0.8114,INTJ,INFJ
0,0,0.3358,1,0,0.472,0,1,0.8091,0,0,0.4188,ENTP,ESFP
1,0,0.295,0,1,0.7524,0,0,0.0011,0,0,0.4124,ISTP,ENTP
0,1,0.5101,1,1,0.6002,1,1,0.9831,0,0,0.367,ENFP,INFP
1,1,0.6952,0,1,0.6394,0,0,0.2402,0,0,0.1652,ISTP,INTP
1,0,0.4233,0,0,0.4904,0,0,0.45,1,1,0.6457,ISTJ,ESTJ
1,1,0.6157,1,1,0.9892,0,0,0.002,0,0,0.031,INTP,INTP
1,1,0.6474,1,1,0.66,1,1,0.9512,1,1,0.7621,INFJ,INFJ
1,1,0.7536,1,1,0.8704,1,1,0.9995,1,0,0.4417,INFJ,INFP
1,1,0.7567,1,1,0.8739,1,1,0.9996,0,0,0.3386,INFP,INFP
0,1,0.9436,1,1,0.996,0,1,0.9679,0,1,0.953,ENTP,INFJ
1,1,0.8238,1,1,0.9794,1,0,0.3269,1,0,0.2106,INFJ,INTP
1,1,0.7263,1,1,0.8622,1,1,0.9998,0,0,0.3281,INFP,INFP
1,1,0.9531,1,1,0.9693,1,1,1.0,0,0,0.1999,INFP,INFP
0,0,0.2465,1,0,0.2627,1,1,0.6154,0,0,0.4161,ENFP,ESFP
1,0,0.3846,1,0,0.425,1,1,0.73,0,0,0.4419,INFP,ESFP
1,1,0.6383,1,1,0.6178,1,1,0.9055,1,1,0.539,INFJ,INFJ
1,1,0.8416,1,1,0.9755,0,1,0.8422,0,1,0.7193,INTP,INFJ
0,0,0.3968,1,1,0.6227,1,1,0.7084,0,0,0.115,ENFP,ENFP
1,1,0.5509,0,0,0.3988,0,0,0.3232,0,1,0.6388,ISTP,ISTJ
1,1,0.8551,1,1,0.9864,1,0,0.1762,1,1,0.6974,INFJ,INTJ
1,1,0.5942,1,1,0.5921,1,1,0.986,0,0,0.3869,INFP,INFP
1,1,0.6657,1,1,0.8225,0,0,0.3595,1,1,0.5115,INTJ,INTJ
1,1,0.7798,1,1,0.8442,0,0,0.0765,0,0,0.2175,INTP,INTP
1,1,0.8667,1,1,0.9913,1,1,0.9358,0,0,0.2188,INFP,INFP
1,0,0.496,1,0,0.459,1,0,0.2029,0,0,0.3495,INFP,ESTP
1,1,0.5939,1,1,0.5051,1,1,0.9398,0,0,0.4436,INFP,INFP
1,1,0.8452,1,1,0.9345,1,1,1.0,1,1,0.5264,INFJ,INFJ
0,0,0.2309,1,1,0.771,0,0,0.0149,0,0,0.127,ENTP,ENTP
1,1,0.5114,1,0,0.4976,1,1,0.8625,0,0,0.4208,INFP,ISFP
1,1,0.8298,1,1,0.8666,1,1,0.8966,0,0,0.3647,INFP,INFP
1,0,0.4846,1,1,0.9271,0,0,0.021,0,0,0.345,INTP,ENTP
0,1,0.5933,0,1,0.6956,0,1,0.592,0,1,0.529,ESTP,INFJ
1,1,0.832,1,1,0.9063,0,0,0.2485,1,0,0.4188,INTJ,INTP
0,0,0.4973,1,1,0.8209,0,1,0.9318,0,1,0.5175,ENTP,ENFJ
1,1,0.5312,1,1,0.7969,0,0,0.0161,0,0,0.3193,INTP,INTP
1,0,0.4889,1,1,0.7016,1,1,0.9586,0,0,0.2978,INFP,ENFP
1,1,0.8911,1,1,0.9939,0,0,0.3192,0,1,0.5432,INTP,INTJ
0,1,0.9493,1,1,0.9837,1,1,0.9997,0,1,0.8592,ENFP,INFJ
1,0,0.3059,0,0,0.3111,1,1,0.7278,0,0,0.3148,ISFP,ESFP
1,1,0.713,1,1,0.8814,0,0,0.031,1,1,0.9934,INTJ,INTJ
0,1,0.597,1,0,0.3863,0,0,0.1791,0,1,0.7209,ENTP,ISTJ
0,1,0.6677,0,1,0.7963,0,1,0.9918,1,1,0.8332,ESTJ,INFJ
1,1,0.6901,1,1,0.9489,1,0,0.0042,0,0,0.1434,INFP,INTP
1,1,0.5373,1,1,0.9129,1,0,0.1176,1,1,0.508,INFJ,INTJ
1,1,0.5739,1,1,0.7958,1,0,0.3192,1,0,0.3983,INFJ,INTP
1,1,0.9182,1,1,0.9209,1,1,1.0,0,0,0.0976,INFP,INFP
1,0,0.4881,1,1,0.9146,0,0,0.0051,0,0,0.2803,INTP,ENTP
1,0,0.4056,0,0,0.3269,0,1,0.722,0,0,0.371,ISTP,ESFP
1,1,0.7316,1,1,0.9698,0,0,0.0007,0,0,0.2122,INTP,INTP
1,1,0.9199,1,1,0.9471,1,1,1.0,1,0,0.257,INFJ,INFP
1,1,0.5693,1,1,0.7197,1,0,0.142,1,0,0.4623,INFJ,INTP
1,1,0.6836,1,1,0.6819,1,1,0.6524,0,1,0.5394,INFP,INFJ
0,1,0.5414,1,1,0.6934,0,0,0.1144,0,1,0.5919,ENTP,INTJ
1,1,0.7795,1,1,0.993,0,0,0.0025,0,0,0.0685,INTP,INTP
0,0,0.4194,1,1,0.8348,1,0,0.0559,0,0,0.2894,ENFP,ENTP
0,1,0.7673,1,1,0.9626,0,0,0.0018,1,1,0.6613,ENTJ,INTJ
1,0,0.3883,1,1,0.9083,0,0,0.034,0,0,0.1951,INTP,ENTP
1,0,0.4948,1,1,0.6058,1,0,0.2851,1,0,0.4779,INFJ,ENTP
1,1,0.5503,1,1,0.6843,0,0,0.0187,0,0,0.4666,INTP,INTP
1,0,0.4284,1,1,0.6353,1,1,0.6274,1,0,0.2713,INFJ,ENFP
1,1,0.5876,1,1,0.5141,0,0,0.0175,1,1,0.5569,INTJ,INTJ
1,1,0.8088,1,1,0.8888,1,1,0.9984,1,0,0.1782,INFJ,INFP
0,1,0.5153,1,1,0.831,0,0,0.0111,0,0,0.3549,ENTP,INTP
1,0,0.3858,0,0,0.4875,0,0,0.2433,0,1,0.5278,ISTP,ESTJ
1,1,0.8697,1,1,0.9268,1,1,0.9917,1,1,0.7933,INFJ,INFJ
0,0,0.4862,1,1,0.8718,0,0,0.0087,0,0,0.1834,ENTP,ENTP
0,1,0.5787,1,1,0.8678,0,0,0.0075,1,0,0.489,ENTJ,INTP
1,0,0.4772,1,1,0.8872,0,0,0.0038,0,0,0.3642,INTP,ENTP
1,0,0.4266,1,0,0.3531,1,0,0.4713,1,1,0.5117,INFJ,ESTJ
1,1,0.6918,1,1,0.8671,0,0,0.2378,1,1,0.9339,INTJ,INTJ
1,1,0.7582,1,1,0.812,1,1,0.9825,0,0,0.1281,INFP,INFP
1,1,0.7547,1,1,0.7845,1,1,0.9873,1,1,0.779,INFJ,INFJ
1,1,0.8617,1,1,0.8939,1,1,0.9996,1,1,0.5628,INFJ,INFJ
0,1,0.6064,0,0,0.474,1,1,0.8442,0,1,0.5261,ESFP,ISFJ
1,0,0.4081,0,1,0.6273,1,1,0.9722,0,0,0.1782,ISFP,ENFP
1,1,0.644,1,0,0.4428,1,1,0.5831,0,0,0.3446,INFP,ISFP
1,1,0.8073,1,1,0.796,1,1,0.9945,1,0,0.3015,INFJ,INFP
1,1,0.9288,1,1,0.9791,1,1,0.9989,0,0,0.1722,INFP,INFP
1,1,0.5355,1,1,0.5133,0,0,0.255,1,1,0.6081,INTJ,INTJ
1,1,0.5527,1,1,0.5528,0,0,0.0205,1,1,0.9017,INTJ,INTJ
0,0,0.294,1,0,0.4196,0,0,0.4953,0,0,0.2032,ENTP,ESTP
1,1,0.6595,1,1,0.9698,0,0,0.1771,0,0,0.0873,INTP,INTP
1,0,0.454,1,0,0.495,1,1,0.8678,0,1,0.538,INFP,ESFJ
1,1,0.5147,0,0,0.3752,0,0,0.3533,0,0,0.3979,ISTP,ISTP
1,1,0.8598,1,1,0.8502,1,1,0.9928,0,1,0.5055,INFP,INFJ
1,0,0.2942,1,1,0.7682,1,0,0.0008,0,0,0.3356,INFP,ENTP
1,1,0.5341,1,1,0.8649,0,0,0.0038,0,0,0.3534,INTP,INTP
1,1,0.6602,1,1,0.6954,1,1,0.974,0,0,0.3232,INFP,INFP
1,1,0.8522,1,1,0.7256,1,1,0.781,0,1,0.5401,INFP,INFJ
1,1,0.7095,1,1,0.7607,1,1,0.7529,1,0,0.3342,INFJ,INFP
1,0,0.4871,0,0,0.372,1,0,0.3206,1,1,0.6033,ISFJ,ESTJ
0,1,0.5818,0,1,0.6073,0,0,0.0948,1,0,0.452,ESTJ,INTP
1,1,0.5571,1,1,0.5124,1,1,0.8322,0,0,0.4585,INFP,INFP
0,1,0.5042,1,1,0.5259,0,1,0.9522,1,0,0.4284,ENTJ,INFP
1,1,0.858,1,1,0.9155,1,1,0.9991,0,0,0.2418,INFP,INFP
1,1,0.5259,1,1,0.6405,1,1,0.9913,0,0,0.3464,INFP,INFP
1,1,0.6999,1,1,0.8475,1,1,0.9991,1,1,0.7307,INFJ,INFJ
1,0,0.4825,1,1,0.5677,1,1,0.9946,0,1,0.5008,INFP,ENFJ
1,1,0.561,1,1,0.8235,0,0,0.1754,1,0,0.2358,INTJ,INTP
1,1,0.7238,1,1,0.7291,0,1,0.7754,1,1,0.8447,INTJ,INFJ
1,0,0.3627,0,0,0.4571,1,1,0.7546,0,0,0.4022,ISFP,ESFP
1,1,0.9936,1,1,0.9993,1,1,1.0,1,1,0.9988,INFJ,INFJ
1,1,0.6021,1,1,0.8586,0,0,0.0186,1,0,0.4502,INTJ,INTP
1,0,0.3461,1,1,0.5705,0,0,0.033,1,0,0.4988,INTJ,ENTP
1,1,0.6427,1,1,0.763,1,1,0.9502,0,0,0.2431,INFP,INFP
1,1,0.9742,1,1,0.9631,1,1,0.9983,0,0,0.1582,INFP,INFP
1,1,0.6545,1,1,0.6627,1,0,0.3831,0,0,0.2096,INFP,INTP
1,0,0.4077,1,1,0.5214,1,0,0.0717,0,1,0.5518,INFP,ENTJ
1,1,0.9155,1,1,0.8909,1,1,1.0,0,0,0.1344,INFP,INFP
1,1,0.5881,1,1,0.6111,1,0,0.0657,1,1,0.6776,INFJ,INTJ
1,1,0.8537,1,1,0.9004,1,1,1.0,0,0,0.244,INFP,INFP
1,1,0.555,0,0,0.489,0,0,0.2653,0,0,0.3875,ISTP,ISTP
1,0,0.4741,0,0,0.4351,0,0,0.0264,0,1,0.5212,ISTP,ESTJ
0,0,0.4381,1,0,0.4775,1,1,0.9504,0,0,0.4175,ENFP,ESFP
1,1,0.727,1,1,0.9392,1,1,0.9628,0,0,0.0516,INFP,INFP
1,0,0.4142,1,0,0.4355,0,0,0.4179,1,1,0.7679,INTJ,ESTJ
0,0,0.3933,1,1,0.7961,0,0,0.1136,1,1,0.7827,ENTJ,ENTJ
1,1,0.6862,1,1,0.8146,1,1,0.9992,0,0,0.357,INFP,INFP
0,1,0.5491,1,1,0.845,1,0,0.4848,0,0,0.1405,ENFP,INTP
0,0,0.4695,1,1,0.5477,1,0,0.3148,0,1,0.5889,ENFP,ENTJ
0,0,0.4615,1,0,0.4446,1,1,0.9775,0,0,0.2283,ENFP,ESFP
1,1,0.8671,1,1,0.8814,1,1,0.9989,0,0,0.4292,INFP,INFP
1,1,0.7074,1,1,0.9479,0,0,0.0285,0,0,0.2207,INTP,INTP
1,1,0.8434,1,1,0.9881,1,0,0.0005,1,0,0.172,INFJ,INTP
1,1,0.7212,0,1,0.7812,1,1,0.8922,1,0,0.3801,ISFJ,INFP
0,0,0.472,1,1,0.767,1,1,0.7987,0,0,0.2651,ENFP,ENFP
1,1,0.5443,1,1,0.786,0,0,0.0811,0,0,0.1605,INTP,INTP
0,1,0.7003,1,1,0.8055,1,1,0.892,0,1,0.5311,ENFP,INFJ
1,1,0.5687,0,1,0.7729,0,0,0.0142,0,0,0.2745,ISTP,INTP
1,1,0.7848,1,1,0.6294,1,1,0.9973,0,0,0.0183,INFP,INFP
1,1,0.5562,1,1,0.8694,0,0,0.0018,1,0,0.2619,INTJ,INTP
1,1,0.6226,1,1,0.5073,1,1,0.7696,0,0,0.4054,INFP,INFP
1,1,0.7256,1,1,0.9179,0,0,0.0333,0,0,0.2224,INTP,INTP
1,0,0.3421,1,0,0.4291,0,1,0.6803,0,0,0.4606,INTP,ESFP
0,0,0.118,1,0,0.3856,1,1,0.9986,0,0,0.2142,ENFP,ESFP
1,0,0.3514,1,0,0.341,0,0,0.4706,1,1,0.5486,INTJ,ESTJ
1,1,0.7647,1,1,0.8228,1,1,0.9748,0,0,0.1874,INFP,INFP
0,1,0.5359,1,1,0.7144,1,1,0.8812,0,1,0.9259,ENFP,INFJ
1,1,0.6608,1,1,0.9587,0,0,0.0179,0,0,0.0575,INTP,INTP
1,0,0.4874,1,1,0.5774,0,0,0.0454,0,0,0.2358,INTP,ENTP
1,1,0.7296,1,1,0.7133,1,1,0.8866,1,1,0.5221,INFJ,INFJ
1,1,0.665,1,1,0.5586,1,1,0.9571,0,0,0.3471,INFP,INFP
1,1,0.8043,1,1,0.7883,1,1,0.9999,0,0,0.0535,INFP,INFP
1,1,0.7074,1,1,0.6133,0,1,0.7759,0,0,0.3106,INTP,INFP
1,1,0.7736,1,1,0.9223,0,0,0.005,0,0,0.1873,INTP,INTP
0,1,0.5844,1,1,0.5184,0,0,0.1192,0,0,0.2404,ENTP,INTP
0,1,0.5116,0,1,0.7773,1,1,0.9989,0,0,0.1774,ESFP,INFP
1,0,0.4054,1,1,0.6526,1,0,0.0688,1,0,0.2444,INFJ,ENTP
1,1,0.561,1,1,0.5389,0,0,0.1315,1,1,0.6162,INTJ,INTJ
1,0,0.3872,0,0,0.3073,1,1,0.7703,0,1,0.6295,ISFP,ESFJ
1,1,0.5789,0,1,0.8628,1,0,0.1109,0,0,0.3636,ISFP,INTP
1,1,0.5254,1,1,0.5877,1,1,0.8453,0,0,0.1518,INFP,INFP
1,1,0.7177,1,1,0.7524,1,1,0.9998,0,0,0.1205,INFP,INFP
1,0,0.2659,0,1,0.5318,0,0,0.1528,1,0,0.3756,ISTJ,ENTP
1,1,0.9428,1,1,0.9876,1,1,1.0,1,1,0.6631,INFJ,INFJ
1,1,0.5759,1,1,0.937,0,0,0.0029,0,0,0.3284,INTP,INTP
1,1,0.7878,1,1,0.8683,0,1,0.9904,1,1,0.9274,INTJ,INFJ
1,0,0.4304,1,1,0.7516,0,0,0.117,0,0,0.178,INTP,ENTP
1,1,0.8001,1,1,0.7878,1,1,0.9929,1,0,0.4964,INFJ,INFP
0,0,0.3414,0,0,0.3914,0,0,0.4303,0,1,0.8094,ESTP,ESTJ
0,1,0.5257,1,0,0.3983,0,0,0.3259,0,0,0.2816,ENTP,ISTP
1,0,0.3947,1,1,0.6281,0,0,0.0035,0,1,0.5106,INTP,ENTJ
1,1,0.9717,1,1,0.9929,1,1,0.9992,1,1,0.9877,INFJ,INFJ
1,0,0.4983,1,1,0.5467,0,1,0.6508,1,1,0.5891,INTJ,ENFJ
0,1,0.5865,1,1,0.8264,0,0,0.0416,0,0,0.3432,ENTP,INTP
1,1,0.7828,1,1,0.7994,0,1,0.9709,0,1,0.7173,INTP,INFJ
1,1,0.7141,1,1,0.7689,1,1,0.9667,0,0,0.2212,INFP,INFP
1,1,0.6059,1,1,0.8972,1,0,0.2124,0,0,0.2778,INFP,INTP
1,1,0.9523,1,1,0.9943,1,1,1.0,1,1,0.912,INFJ,INFJ
0,0,0.3513,1,1,0.5452,1,1,0.9941,0,0,0.3839,ENFP,ENFP
0,1,0.9469,1,1,0.9455,1,1,1.0,0,0,0.2697,ENFP,INFP
0,0,0.4204,1,1,0.6046,0,1,0.9232,0,1,0.5154,ENTP,ENFJ
1,1,0.7792,1,1,0.7926,1,1,0.9969,0,0,0.3383,INFP,INFP
1,1,0.9352,1,1,0.9932,1,1,0.9707,1,1,0.9838,INFJ,INFJ
0,0,0.2348,1,0,0.451,1,1,0.9931,0,0,0.2905,ENFP,ESFP
1,1,0.869,1,1,0.9392,1,1,1.0,1,0,0.4544,INFJ,INFP
1,0,0.3908,1,1,0.6302,1,1,0.9992,0,0,0.2591,INFP,ENFP
1,1,0.6092,1,1,0.7725,0,0,0.1112,0,0,0.3473,INTP,INTP
1,1,0.8102,1,1,0.917,1,1,0.9961,1,1,0.8124,INFJ,INFJ
1,1,0.7858,1,1,0.9058,1,1,0.9262,0,0,0.217,INFP,INFP
0,0,0.4739,1,1,0.7708,0,0,0.1074,0,1,0.5378,ENTP,ENTJ
0,0,0.3173,1,1,0.6437,1,1,0.9976,0,0,0.0685,ENFP,ENFP
1,1,0.6007,1,1,0.6981,0,0,0.0093,1,1,0.566,INTJ,INTJ
1,1,0.6347,0,1,0.6412,0,1,0.5457,0,1,0.6941,ISTP,INFJ
1,1,0.7032,1,1,0.826,1,1,0.9995,1,0,0.2733,INFJ,INFP
1,0,0.3823,1,0,0.3582,0,0,0.0711,0,1,0.5692,INTP,ESTJ
1,0,0.4445,1,1,0.6146,1,1,0.7631,1,0,0.4207,INFJ,ENFP
0,0,0.3086,1,0,0.2945,0,1,0.8004,0,0,0.2496,ENTP,ESFP
1,1,0.798,1,1,0.972,0,0,0.0497,1,1,0.9404,INTJ,INTJ
1,1,0.7179,1,1,0.9216,1,1,0.6106,1,1,0.7398,INFJ,INFJ
1,0,0.4806,1,1,0.6569,1,1,0.8926,0,0,0.3805,INFP,ENFP
1,1,0.6462,1,1,0.8592,0,0,0.0232,1,0,0.433,INTJ,INTP
0,0,0.4535,1,1,0.7659,0,0,0.002,0,0,0.2852,ENTP,ENTP
1,1,0.5956,1,1,0.5669,0,0,0.0309,0,0,0.4872,INTP,INTP
1,0,0.4441,1,0,0.3864,1,1,0.7556,0,1,0.5171,INFP,ESFJ
1,1,0.6704,1,1,0.7307,1,1,0.9994,0,0,0.2302,INFP,INFP
1,1,0.6035,1,1,0.7226,1,1,0.9642,0,1,0.5165,INFP,INFJ
1,1,0.874,1,1,0.7439,1,1,0.9965,0,0,0.1335,INFP,INFP
1,1,0.7498,1,1,0.7759,1,1,0.9934,0,1,0.5352,INFP,INFJ
0,1,0.7238,1,1,0.971,0,0,0.1286,0,0,0.25,ENTP,INTP
1,1,0.6505,1,0,0.4551,1,1,0.7797,0,0,0.2491,INFP,ISFP
1,0,0.4117,1,1,0.6472,1,1,0.9329,1,0,0.4437,INFJ,ENFP
1,0,0.25,1,0,0.3204,0,0,0.2103,1,0,0.4254,INTJ,ESTP
1,1,0.5557,1,1,0.8213,0,0,0.0135,1,0,0.4082,INTJ,INTP
1,1,0.5829,1,1,0.5874,0,1,0.5764,1,0,0.3681,INTJ,INFP
1,1,0.7242,1,1,0.99,0,0,0.0005,0,0,0.0764,INTP,INTP
1,1,0.5105,0,0,0.3547,0,0,0.1089,0,0,0.2619,ISTP,ISTP
1,1,0.9241,1,1,0.9255,1,1,1.0,0,0,0.4207,INFP,INFP
1,1,0.8897,1,1,0.9191,1,1,0.9987,1,1,0.6535,INFJ,INFJ
0,1,0.5191,1,1,0.6621,0,1,0.8442,0,0,0.3317,ENTP,INFP
0,0,0.3629,1,1,0.803,0,1,0.9785,0,0,0.3194,ENTP,ENFP
1,1,0.625,1,1,0.676,0,0,0.0286,1,1,0.6987,INTJ,INTJ
1,1,0.6803,1,1,0.8939,0,0,0.2913,0,0,0.1034,INTP,INTP
1,0,0.4894,0,0,0.4406,0,0,0.1684,0,0,0.4969,ISTP,ESTP
0,0,0.3813,1,0,0.4522,1,1,0.6661,0,1,0.5503,ENFP,ESFJ
1,1,0.5354,1,1,0.9115,0,0,0.0066,0,0,0.1637,INTP,INTP
0,0,0.2853,1,1,0.6885,1,0,0.0643,1,0,0.3452,ENFJ,ENTP
1,1,0.8651,1,1,0.9511,1,1,0.9987,0,1,0.6895,INFP,INFJ
1,1,0.5799,1,1,0.704,0,0,0.1074,0,0,0.4298,INTP,INTP
0,0,0.4509,1,1,0.5046,1,1,0.9519,1,0,0.4174,ENFJ,ENFP
1,0,0.4933,1,1,0.8521,0,0,0.0198,0,0,0.2386,INTP,ENTP
0,0,0.2195,0,0,0.4334,1,1,0.6088,1,1,0.5625,ESFJ,ESFJ
1,0,0.389,0,1,0.7405,0,0,0.0845,0,0,0.1768,ISTP,ENTP
1,1,0.5796,1,1,0.7074,1,1,0.9989,1,0,0.229,INFJ,INFP
1,1,0.654,1,1,0.5417,0,0,0.0984,1,1,0.7979,INTJ,INTJ
1,0,0.4616,0,0,0.4266,1,1,0.9002,0,0,0.1874,ISFP,ESFP
1,0,0.3495,1,0,0.3444,0,0,0.2766,0,1,0.6733,INTP,ESTJ
1,1,0.5143,0,1,0.6961,0,0,0.0249,1,1,0.6095,ISTJ,INTJ
1,1,0.7576,0,1,0.9609,0,0,0.0076,0,1,0.5194,ISTP,INTJ
1,1,0.6049,1,1,0.5929,0,1,0.6583,1,1,0.701,INTJ,INFJ
0,1,0.6018,1,1,0.9239,0,0,0.0057,0,0,0.0868,ENTP,INTP
1,1,0.7626,1,1,0.9687,0,0,0.0058,1,0,0.3283,INTJ,INTP
1,1,0.6974,1,1,0.9052,1,0,0.169,1,0,0.4044,INFJ,INTP
1,1,0.5755,1,1,0.6218,0,0,0.1458,1,1,0.6223,INTJ,INTJ
1,1,0.6239,1,1,0.7099,0,0,0.2383,0,0,0.4878,INTP,INTP
1,1,0.7041,1,1,0.9189,0,0,0.0865,1,1,0.7531,INTJ,INTJ
1,1,0.5927,1,1,0.7023,1,1,0.9055,0,0,0.0558,INFP,INFP
1,0,0.3463,1,0,0.3869,0,0,0.2096,1,1,0.5275,INTJ,ESTJ
1,1,0.8118,0,1,0.7715,1,1,0.9968,1,0,0.4073,ISFJ,INFP
0,0,0.3607,1,0,0.4409,1,1,0.9746,0,0,0.2806,ENFP,ESFP
1,1,0.6277,1,1,0.5387,1,1,0.6362,0,0,0.4903,INFP,INFP
1,0,0.3836,0,0,0.3418,0,1,0.5727,1,0,0.4554,ISTJ,ESFP
1,1,0.6181,1,1,0.8777,0,0,0.0192,0,0,0.1162,INTP,INTP
1,0,0.4357,1,1,0.5495,1,1,0.9865,1,1,0.5974,INFJ,ENFJ
1,0,0.4603,1,1,0.9276,0,0,0.001,0,0,0.0333,INTP,ENTP
1,0,0.4059,1,1,0.6893,0,0,0.493,1,1,0.5048,INTJ,ENTJ
1,1,0.8022,1,1,0.843,1,1,0.8666,0,0,0.1225,INFP,INFP
1,0,0.4636,1,1,0.7392,0,0,0.0079,1,0,0.3875,INTJ,ENTP
0,1,0.8718,1,1,0.9746,1,1,0.9992,0,1,0.9637,ENFP,INFJ
1,1,0.6808,1,1,0.9617,0,0,0.1595,0,0,0.2056,INTP,INTP
1,1,0.6175,1,1,0.7759,0,0,0.0118,0,1,0.53,INTP,INTJ
1,0,0.4574,1,1,0.5368,1,1,0.5307,0,0,0.4772,INFP,ENFP
0,1,0.6576,0,1,0.7555,0,1,0.9035,1,1,0.7929,ESTJ,INFJ
1,1,0.5694,1,0,0.477,0,0,0.3259,0,1,0.7239,INTP,ISTJ
1,0,0.2713,1,0,0.3008,1,1,0.8699,0,0,0.3457,INFP,ESFP
1,1,0.7815,1,1,0.8348,1,1,0.9842,0,0,0.3231,INFP,INFP
1,1,0.5082,1,1,0.7884,0,0,0.0035,0,0,0.2819,INTP,INTP
1,0,0.4833,1,1,0.6073,1,0,0.2155,1,1,0.51,INFJ,ENTJ
1,1,0.7471,1,1,0.8382,1,1,0.9913,1,1,0.8245,INFJ,INFJ
1,1,0.715,1,1,0.6478,1,1,0.995,0,0,0.139,INFP,INFP
1,1,0.9641,1,1,0.9835,1,1,1.0,0,0,0.3486,INFP,INFP
1,1,0.6525,0,1,0.585,0,0,0.3449,0,0,0.2404,ISTP,INTP
1,0,0.4443,1,1,0.5364,1,1,0.949,0,0,0.2844,INFP,ENFP
0,0,0.2963,0,0,0.4261,0,0,0.0368,0,0,0.45,ESTP,ESTP
1,0,0.1795,1,0,0.2365,1,1,0.7763,1,0,0.4034,INFJ,ESFP
0,1,0.6099,1,1,0.9065,1,0,0.1217,1,0,0.4716,ENFJ,INTP
1,1,0.8235,1,1,0.9933,0,0,0.002,0,0,0.0533,INTP,INTP
1,1,0.9763,1,1,0.9964,1,1,1.0,1,1,0.8039,INFJ,INFJ
1,1,0.5458,1,1,0.612,1,1,0.9808,1,1,0.5021,INFJ,INFJ
1,1,0.8629,1,1,0.8549,1,1,0.9999,0,0,0.2454,INFP,INFP
1,0,0.4194,0,0,0.3069,0,0,0.2884,1,1,0.6466,ISTJ,ESTJ
1,1,0.5525,1,1,0.9035,0,0,0.0296,0,0,0.4196,INTP,INTP
1,0,0.4796,1,0,0.4703,0,0,0.3317,1,1,0.669,INTJ,ESTJ
1,1,0.5908,0,1,0.5792,1,0,0.1368,0,1,0.621,ISFP,INTJ
0,0,0.4842,1,1,0.7736,0,0,0.1371,0,0,0.3839,ENTP,ENTP
1,1,0.9068,1,1,0.9629,1,1,0.9785,1,1,0.8725,INFJ,INFJ
0,0,0.3076,1,0,0.449,1,0,0.0741,0,0,0.254,ENFP,ESTP
1,0,0.4544,0,1,0.5418,0,0,0.155,0,0,0.2651,ISTP,ENTP
1,1,0.5015,1,1,0.8296,0,0,0.0722,0,0,0.3355,INTP,INTP
1,1,0.5586,1,1,0.5628,1,1,0.9704,1,1,0.5512,INFJ,INFJ
1,1,0.907,1,1,0.9101,1,1,0.9918,0,1,0.6422,INFP,INFJ
1,0,0.4157,1,0,0.4459,1,1,0.8245,1,0,0.4499,INFJ,ESFP
1,1,0.5015,1,1,0.7661,1,1,0.6083,1,0,0.3683,INFJ,INFP
0,1,0.5025,1,1,0.5528,1,1,0.7181,1,0,0.3786,ENFJ,INFP
1,1,0.5314,1,1,0.8685,0,0,0.0042,0,0,0.1814,INTP,INTP
0,1,0.5271,1,1,0.8117,1,1,0.9915,0,0,0.1095,ENFP,INFP
0,1,0.509,1,0,0.4593,0,0,0.3608,1,0,0.3623,ENTJ,ISTP
1,1,0.7598,1,1,0.7456,0,1,0.8775,1,1,0.5366,INTJ,INFJ
1,1,0.5732,1,1,0.8058,0,0,0.112,1,1,0.7808,INTJ,INTJ
0,0,0.4595,1,1,0.5182,0,1,0.6118,0,0,0.2985,ENTP,ENFP
1,1,0.5039,1,1,0.7377,0,0,0.0439,1,1,0.5994,INTJ,INTJ
1,1,0.7034,1,1,0.851,0,0,0.0191,0,0,0.2793,INTP,INTP
1,1,0.7324,1,1,0.5306,1,1,0.9058,0,0,0.1829,INFP,INFP
1,1,0.5464,1,1,0.7866,0,0,0.0365,1,0,0.3269,INTJ,INTP
0,0,0.4437,1,0,0.4279,0,0,0.1591,1,1,0.5639,ENTJ,ESTJ
1,1,0.8975,1,1,0.8933,1,1,0.9997,0,0,0.4302,INFP,INFP
1,1,0.7589,1,1,0.9083,0,0,0.0065,1,1,0.9632,INTJ,INTJ
0,0,0.4766,1,0,0.3697,0,0,0.404,0,1,0.52,ENTP,ESTJ
1,1,0.6891,1,1,0.8548,1,1,0.9998,1,0,0.1287,INFJ,INFP
1,1,0.9496,1,1,0.9651,1,1,1.0,1,1,0.773,INFJ,INFJ
1,1,0.6658,1,1,0.6619,1,1,0.8047,1,0,0.3746,INFJ,INFP
0,1,0.8047,1,1,0.7578,1,1,0.9997,0,0,0.1401,ENFP,INFP
1,1,0.5587,1,1,0.6492,0,0,0.0666,1,1,0.6504,INTJ,INTJ
0,0,0.4258,1,0,0.4637,0,1,0.5849,0,1,0.5906,ENTP,ESFJ
1,0,0.417,1,1,0.8135,0,0,0.0052,1,1,0.9,INTJ,ENTJ
1,1,0.6702,1,1,0.8973,0,0,0.4228,0,1,0.8081,INTP,INTJ
1,1,0.6567,1,1,0.9395,1,0,0.0008,0,0,0.1974,INFP,INTP
0,1,0.65,1,0,0.403,0,1,0.6961,0,0,0.3738,ENTP,ISFP
1,1,0.5398,1,1,0.5894,0,1,0.5657,0,0,0.2458,INTP,INFP
1,1,0.7233,1,1,0.9954,0,0,1e-04,0,0,0.3332,INTP,INTP
1,1,0.78,1,1,0.8114,1,1,0.9997,0,0,0.3106,INFP,INFP
1,1,0.5398,1,1,0.7322,0,0,0.0099,0,0,0.3802,INTP,INTP
0,1,0.5751,1,1,0.7295,0,0,0.0647,1,1,0.8117,ENTJ,INTJ
1,1,0.5665,1,1,0.7644,0,0,0.0353,1,1,0.5595,INTJ,INTJ
1,1,0.6886,0,0,0.4447,1,1,0.8864,0,0,0.3566,ISFP,ISFP
1,1,0.6848,1,1,0.9999,0,0,0.0,0,0,0.0002,INTP,INTP
1,0,0.4599,1,0,0.3825,1,1,0.8806,0,0,0.3469,INFP,ESFP
1,1,0.8635,1,1,0.9769,1,1,0.9961,1,1,0.8492,INFJ,INFJ
1,1,0.8513,1,1,0.837,1,1,0.9999,0,0,0.1845,INFP,INFP
1,1,0.8091,1,1,0.9031,1,1,0.9981,1,1,0.8866,INFJ,INFJ
1,1,0.805,1,1,0.805,1,1,0.8378,0,0,0.1715,INFP,INFP
1,1,0.935,1,1,0.9057,0,1,0.9981,1,0,0.1788,INTJ,INFP
1,1,0.5943,0,1,0.7805,1,1,0.9996,1,1,0.6862,ISFJ,INFJ
1,1,0.9011,1,1,0.8866,1,1,0.9988,0,1,0.503,INFP,INFJ
1,1,0.75,1,1,0.905,0,0,0.1028,0,0,0.4769,INTP,INTP
1,1,0.6056,0,1,0.7813,1,1,0.8035,1,0,0.4982,ISFJ,INFP
1,1,0.742,1,1,0.9385,1,1,0.9981,1,1,0.5823,INFJ,INFJ
1,1,0.5802,1,1,0.6166,0,1,0.7596,1,0,0.3989,INTJ,INFP
1,1,0.6152,1,1,0.8795,0,0,0.0012,0,0,0.3811,INTP,INTP
1,1,0.6706,1,1,0.594,1,1,0.9694,0,0,0.3251,INFP,INFP
1,1,0.6231,1,1,0.6988,0,0,0.0092,0,0,0.2565,INTP,INTP
1,0,0.4785,1,1,0.6348,0,1,0.9797,0,0,0.4052,INTP,ENFP
1,1,0.6168,0,1,0.714,1,1,0.8979,0,0,0.4931,ISFP,INFP
1,1,0.6029,1,1,0.9781,0,0,0.001,0,0,0.0466,INTP,INTP
1,1,0.5874,1,1,0.7424,0,1,0.7015,1,1,0.593,INTJ,INFJ
0,1,0.6956,1,1,0.803,1,1,0.988,0,0,0.3955,ENFP,INFP
1,1,0.6719,1,1,0.9738,0,0,0.0009,0,0,0.0269,INTP,INTP
1,1,0.5334,0,1,0.6161,1,0,0.34,0,0,0.3476,ISFP,INTP
1,0,0.3263,0,0,0.431,0,0,0.0046,1,1,0.7565,ISTJ,ESTJ
1,1,0.7771,1,1,0.8052,1,1,0.9993,1,0,0.4533,INFJ,INFP
1,1,0.6638,1,1,0.7347,0,1,0.7099,0,0,0.4593,INTP,INFP
0,1,0.538,1,1,0.7211,1,1,0.9989,0,0,0.1938,ENFP,INFP
0,1,0.5847,1,1,0.5193,1,1,0.9477,0,0,0.3393,ENFP,INFP
0,0,0.2167,1,0,0.2318,0,0,0.0388,1,1,0.8033,ENTJ,ESTJ
1,1,0.9638,1,1,0.9373,1,1,0.998,0,0,0.1515,INFP,INFP
1,1,0.8124,1,1,0.8281,1,1,0.9373,0,1,0.542,INFP,INFJ
0,1,0.562,1,1,0.8634,1,1,0.9969,0,1,0.57,ENFP,INFJ
1,1,0.604,1,1,0.6249,0,0,0.088,1,1,0.6527,INTJ,INTJ
1,0,0.4406,0,0,0.4402,0,0,0.028,0,1,0.5838,ISTP,ESTJ
0,1,0.7209,1,1,0.9557,1,0,0.3716,0,1,0.5682,ENFP,INTJ
0,0,0.4462,1,1,0.6273,0,0,0.0443,1,1,0.7827,ENTJ,ENTJ
1,0,0.4481,0,1,0.8032,1,1,0.9952,1,1,0.7926,ISFJ,ENFJ
1,1,0.5562,0,1,0.7254,1,1,0.9759,1,0,0.4641,ISFJ,INFP
1,0,0.4282,1,0,0.4414,1,0,0.2878,1,0,0.4982,INFJ,ESTP
1,1,0.5791,1,1,0.8527,0,0,0.0148,1,0,0.4077,INTJ,INTP
1,1,0.6384,1,1,0.7941,1,1,0.7027,1,1,0.7396,INFJ,INFJ
0,0,0.4394,1,1,0.7737,0,0,0.0018,0,0,0.4198,ENTP,ENTP
1,1,0.5676,1,1,0.5359,1,1,0.9678,1,0,0.463,INFJ,INFP
1,1,0.8684,1,1,0.972,1,1,0.9994,1,1,0.97,INFJ,INFJ
1,0,0.2913,1,1,0.569,1,1,0.9293,0,0,0.1246,INFP,ENFP
1,1,0.9109,1,1,0.9691,1,1,0.9952,0,0,0.3142,INFP,INFP
1,1,0.8814,1,1,0.9526,1,1,0.9977,1,1,0.825,INFJ,INFJ
0,0,0.4328,1,1,0.5137,0,0,0.0466,1,1,0.5446,ENTJ,ENTJ
1,1,0.5437,0,1,0.9248,0,0,0.0426,0,1,0.6094,ISTP,INTJ
0,1,0.842,1,1,0.9465,0,0,0.0461,0,1,0.5366,ENTP,INTJ
1,1,0.9209,1,1,0.83,1,1,0.9989,0,0,0.1817,INFP,INFP
1,0,0.3758,1,0,0.3758,0,0,0.2782,1,0,0.4691,INTJ,ESTP
1,1,0.8431,1,1,0.9202,1,1,0.9952,1,1,0.8307,INFJ,INFJ
0,0,0.3558,1,1,0.7163,0,0,0.0307,0,0,0.2565,ENTP,ENTP
1,1,0.8694,1,1,0.9062,1,1,0.9786,1,1,0.7598,INFJ,INFJ
1,1,0.6692,1,1,0.9458,0,0,0.1264,1,0,0.2207,INTJ,INTP
1,1,0.6871,1,1,0.7046,1,1,0.9764,1,1,0.6154,INFJ,INFJ
1,1,0.6645,1,1,0.5278,1,1,0.8392,0,0,0.3185,INFP,INFP
0,0,0.468,1,1,0.5261,0,0,0.0775,1,1,0.6533,ENTJ,ENTJ
0,1,0.5943,1,1,0.8124,1,1,0.9998,0,0,0.0752,ENFP,INFP
0,0,0.291,1,0,0.4353,0,1,0.9268,0,0,0.4955,ENTP,ESFP
1,1,0.6927,1,1,0.8702,0,1,0.664,0,0,0.168,INTP,INFP
0,0,0.4616,1,0,0.4889,0,1,0.7506,0,1,0.7642,ENTP,ESFJ
1,1,0.785,1,1,0.8468,1,1,0.9986,1,0,0.4757,INFJ,INFP
1,1,0.8161,1,1,0.9751,0,0,0.0105,1,1,0.9266,INTJ,INTJ
1,1,0.817,1,1,0.764,1,1,0.9953,0,0,0.2132,INFP,INFP
1,1,0.737,1,1,0.8727,1,1,0.9972,0,1,0.5484,INFP,INFJ
1,1,0.7842,1,1,0.8359,1,1,0.9998,0,0,0.3675,INFP,INFP
1,1,0.7154,1,1,0.8202,1,1,0.8259,0,0,0.2383,INFP,INFP
1,1,0.5868,0,1,0.6447,0,1,0.9438,1,0,0.431,ISTJ,INFP
1,1,0.7126,0,1,0.8615,0,1,0.7808,1,1,0.6292,ISTJ,INFJ
1,0,0.3854,1,1,0.5589,0,0,0.0198,0,0,0.4257,INTP,ENTP
1,1,0.7663,1,1,0.6637,1,1,0.9997,0,0,0.0145,INFP,INFP
0,1,0.5679,1,1,0.8782,0,0,0.0271,0,0,0.2482,ENTP,INTP
1,0,0.4675,1,1,0.8984,0,0,0.18,0,0,0.0178,INTP,ENTP
1,1,0.7904,1,1,0.8702,1,1,0.9989,0,0,0.4603,INFP,INFP
1,0,0.4776,1,0,0.4473,1,1,0.8061,0,0,0.4386,INFP,ESFP
1,1,0.8073,1,1,0.8886,1,1,0.9998,0,0,0.3277,INFP,INFP
1,0,0.3809,1,0,0.2935,1,1,0.57,1,0,0.4338,INFJ,ESFP
1,1,0.6696,1,1,0.7741,1,1,0.9702,0,1,0.555,INFP,INFJ
1,1,0.6924,1,1,0.9308,0,0,0.0799,0,0,0.2247,INTP,INTP
0,0,0.2254,1,1,0.56,0,0,0.0055,0,1,0.5207,ENTP,ENTJ
1,1,0.5029,1,1,0.7424,0,0,0.2093,1,0,0.2249,INTJ,INTP
1,1,0.7223,1,1,0.8456,1,1,0.9995,0,0,0.0336,INFP,INFP
1,0,0.3996,1,0,0.3919,0,0,0.0709,0,1,0.6316,INTP,ESTJ
1,1,0.7754,0,1,0.8977,1,1,0.9998,0,1,0.6558,ISFP,INFJ
1,1,0.6552,1,1,0.8254,0,0,0.041,1,0,0.365,INTJ,INTP
1,1,0.7316,1,1,0.714,1,1,0.9787,0,0,0.3689,INFP,INFP
1,1,0.6789,1,1,0.8105,1,1,0.9997,0,0,0.3607,INFP,INFP
1,1,0.7686,1,1,0.8226,1,1,0.9596,0,0,0.2314,INFP,INFP
0,1,0.7696,1,1,0.7793,1,1,0.9946,0,0,0.2581,ENFP,INFP
0,0,0.2655,1,0,0.3573,1,1,0.7165,0,0,0.3436,ENFP,ESFP
0,0,0.4469,1,1,0.8799,0,0,0.0017,0,0,0.2195,ENTP,ENTP
1,1,0.6875,1,1,0.9798,0,0,0.0018,0,0,0.2058,INTP,INTP
0,0,0.2755,1,1,0.9009,0,0,0.0002,0,0,0.3182,ENTP,ENTP
0,0,0.3233,1,0,0.3266,1,1,0.5267,0,1,0.5334,ENFP,ESFJ
0,0,0.3093,1,1,0.5063,0,0,0.0082,1,1,0.7043,ENTJ,ENTJ
1,0,0.4218,1,1,0.6764,1,1,0.9988,0,0,0.1693,INFP,ENFP
0,0,0.3004,1,1,0.6332,0,0,0.051,0,0,0.4722,ENTP,ENTP
1,0,0.3357,1,0,0.4298,1,0,0.2327,1,0,0.3891,INFJ,ESTP
1,1,0.6713,1,1,0.7861,0,0,0.1892,0,0,0.4941,INTP,INTP
1,1,0.8123,0,1,0.8721,1,1,0.7489,0,1,0.8772,ISFP,INFJ
1,1,0.5931,1,1,0.8114,0,1,0.9321,0,0,0.1858,INTP,INFP
0,0,0.334,1,0,0.4695,0,0,0.0538,1,1,0.5192,ENTJ,ESTJ
1,1,0.6261,0,1,0.7896,1,1,0.7565,0,0,0.1705,ISFP,INFP
1,0,0.379,1,1,0.6458,0,0,0.0158,1,0,0.3658,INTJ,ENTP
1,0,0.4597,0,1,0.5286,0,1,0.9086,1,1,0.7448,ISTJ,ENFJ
0,1,0.6943,1,1,0.8385,1,1,0.5367,0,0,0.1277,ENFP,INFP
1,0,0.4445,1,1,0.6028,1,1,0.9997,0,0,0.1134,INFP,ENFP
1,1,0.8238,1,1,0.7833,1,1,0.9596,0,1,0.6148,INFP,INFJ
1,0,0.46,1,1,0.572,1,1,0.9556,0,0,0.2862,INFP,ENFP
1,1,0.7858,1,1,0.8933,0,0,0.1438,1,1,0.7594,INTJ,INTJ
0,0,0.1817,0,0,0.2933,0,0,0.1702,0,0,0.4252,ESTP,ESTP
0,1,0.7472,1,1,0.917,1,1,0.9997,0,0,0.469,ENFP,INFP
1,0,0.467,0,1,0.7637,1,0,0.4427,0,1,0.5493,ISFP,ENTJ
1,1,0.7398,1,1,0.8518,1,1,0.9989,1,1,0.6049,INFJ,INFJ
1,1,0.5621,1,1,0.8713,1,1,0.9977,1,0,0.3399,INFJ,INFP
0,0,0.3107,1,1,0.6697,0,0,0.0008,0,0,0.3283,ENTP,ENTP
1,0,0.4334,1,1,0.9423,0,0,0.0012,0,0,0.0798,INTP,ENTP
0,0,0.3042,0,0,0.324,0,1,0.9163,1,0,0.3641,ESTJ,ESFP
1,1,0.5804,1,1,0.6717,1,0,0.1409,1,1,0.7822,INFJ,INTJ
1,1,0.8027,1,1,0.8901,1,1,0.999,0,1,0.7703,INFP,INFJ
1,1,0.9113,1,1,0.7991,1,1,0.998,0,0,0.1312,INFP,INFP
1,1,0.8196,0,1,0.7855,1,1,0.9914,0,1,0.537,ISFP,INFJ
1,1,0.5266,0,0,0.4697,0,1,0.6668,0,0,0.417,ISTP,ISFP
1,0,0.3276,1,0,0.4897,1,1,0.9806,1,0,0.4602,INFJ,ESFP
1,0,0.4603,1,1,0.8052,0,0,0.0032,1,1,0.5324,INTJ,ENTJ
0,0,0.2969,0,1,0.685,1,0,0.1403,1,1,0.8348,ESFJ,ENTJ
1,1,0.7573,1,1,0.6556,1,1,0.9717,0,0,0.286,INFP,INFP
1,0,0.4881,0,0,0.3519,0,1,0.6241,1,0,0.3552,ISTJ,ESFP
1,1,0.6135,1,1,0.8235,1,1,0.9999,0,0,0.3937,INFP,INFP
1,1,0.7687,1,1,0.8808,1,1,0.9995,0,0,0.2611,INFP,INFP
1,1,0.8439,1,1,0.8454,1,1,0.9929,0,0,0.1401,INFP,INFP
1,1,0.785,1,1,0.9856,0,0,0.0274,0,0,0.0347,INTP,INTP
1,1,0.538,1,1,0.539,1,1,0.6641,0,1,0.5491,INFP,INFJ
1,1,0.7999,1,1,0.7277,1,1,0.9973,0,0,0.3579,INFP,INFP
1,0,0.4777,0,1,0.5936,0,0,0.4589,1,0,0.3116,ISTJ,ENTP
1,1,0.8262,1,1,0.9089,1,1,0.9939,0,0,0.3651,INFP,INFP
1,1,0.5858,1,1,0.8431,0,0,0.0054,0,0,0.2399,INTP,INTP
1,1,0.7742,1,1,0.7705,1,1,0.9052,0,0,0.1485,INFP,INFP
1,1,0.9379,1,1,0.9684,1,1,1.0,1,0,0.4047,INFJ,INFP
0,0,0.4105,1,0,0.4864,0,0,0.0882,0,0,0.457,ENTP,ESTP
1,1,0.787,1,1,0.9289,0,1,0.842,1,1,0.6918,INTJ,INFJ
1,1,0.6517,1,1,0.5753,1,0,0.463,1,1,0.54,INFJ,INTJ
1,1,0.6684,1,1,0.7617,1,1,0.9138,0,1,0.5005,INFP,INFJ
0,1,0.5715,1,1,0.6793,1,1,0.9658,0,0,0.1824,ENFP,INFP
1,1,0.6738,1,1,0.8848,1,1,0.9998,1,1,0.7313,INFJ,INFJ
1,1,0.7469,1,1,0.827,1,1,0.7886,1,1,0.8409,INFJ,INFJ
1,1,0.5726,1,1,0.6191,1,1,0.6511,0,0,0.2002,INFP,INFP
1,1,0.737,1,1,0.9157,0,1,0.9652,0,1,0.5398,INTP,INFJ
1,0,0.4678,1,0,0.3936,1,0,0.3918,1,1,0.5126,INFJ,ESTJ
1,1,0.7467,1,1,0.8126,1,1,0.9971,1,1,0.5043,INFJ,INFJ
1,1,0.5683,1,1,0.8149,0,0,0.0054,1,0,0.2844,INTJ,INTP
1,1,0.6307,1,1,0.9298,0,0,0.0021,0,0,0.1634,INTP,INTP
1,1,0.5802,1,1,0.8226,0,0,0.0109,0,0,0.2969,INTP,INTP
0,0,0.3598,1,1,0.5117,0,1,0.914,0,0,0.1723,ENTP,ENFP
1,1,0.5811,0,0,0.4928,1,1,0.9305,0,0,0.3731,ISFP,ISFP
1,1,0.7004,1,1,0.665,1,1,0.9911,0,0,0.2254,INFP,INFP
0,1,0.6688,1,1,0.8641,1,1,1.0,0,0,0.273,ENFP,INFP
1,1,0.5075,1,1,0.5438,0,1,0.9482,1,0,0.4473,INTJ,INFP
0,1,0.637,1,1,0.884,1,1,0.6031,0,0,0.4479,ENFP,INFP
1,0,0.4269,0,0,0.4728,0,0,0.0349,1,1,0.5528,ISTJ,ESTJ
1,1,0.8094,1,1,0.9296,1,1,0.9991,0,1,0.7979,INFP,INFJ
1,1,0.9259,1,1,0.9563,1,1,0.9979,0,1,0.6129,INFP,INFJ
0,0,0.4648,0,1,0.7047,1,1,0.6624,0,0,0.3164,ESFP,ENFP
1,0,0.4747,0,0,0.3817,0,0,0.2024,0,0,0.4592,ISTP,ESTP
1,0,0.4734,1,0,0.4367,0,1,0.9237,0,0,0.2699,INTP,ESFP
1,1,0.5114,1,1,0.5574,0,1,0.8081,0,1,0.5275,INTP,INFJ
1,1,0.9529,1,1,0.9861,1,1,0.9994,1,1,0.9946,INFJ,INFJ
0,1,0.6322,1,1,0.5231,0,1,0.6759,0,1,0.6717,ENTP,INFJ
1,1,0.5791,1,0,0.4907,0,0,0.1667,0,1,0.567,INTP,ISTJ
1,1,0.6883,1,1,0.9451,0,0,0.0008,0,1,0.6356,INTP,INTJ
1,1,0.7941,1,1,0.9686,0,0,0.0396,0,0,0.2431,INTP,INTP
1,1,0.555,1,1,0.5899,0,1,0.843,1,1,0.6187,INTJ,INFJ
0,1,0.6919,1,1,0.7853,0,1,0.6535,0,1,0.7199,ENTP,INFJ
0,1,0.6272,1,1,0.6762,1,1,0.8448,0,0,0.4673,ENFP,INFP
1,1,0.9219,1,1,0.9531,1,1,0.9964,0,1,0.5257,INFP,INFJ
1,0,0.4678,0,0,0.3916,1,0,0.462,0,0,0.4416,ISFP,ESTP
1,1,0.6723,1,1,0.9004,1,0,0.083,0,0,0.3655,INFP,INTP
1,1,0.865,1,1,0.7322,1,1,1.0,1,0,0.012,INFJ,INFP
1,1,0.8886,1,1,0.9628,1,1,1.0,0,0,0.2302,INFP,INFP
1,0,0.4532,1,1,0.6923,1,0,0.0438,1,0,0.2615,INFJ,ENTP
1,0,0.4857,1,1,0.6995,0,0,0.1247,0,1,0.6803,INTP,ENTJ
0,1,0.7999,1,1,0.7926,1,1,0.8699,0,0,0.4921,ENFP,INFP
1,1,0.6114,1,1,0.6873,0,0,0.1235,1,0,0.482,INTJ,INTP
1,0,0.4462,1,1,0.5699,0,0,0.1813,1,0,0.443,INTJ,ENTP
0,1,0.5489,1,1,0.967,0,0,0.0012,0,0,0.2064,ENTP,INTP
1,1,0.8292,1,1,0.9151,1,1,0.9999,0,0,0.131,INFP,INFP
1,1,0.7533,1,1,0.7549,0,1,0.5766,0,0,0.2561,INTP,INFP
1,1,0.7381,1,1,0.6171,1,1,0.9663,0,0,0.118,INFP,INFP
1,0,0.3308,1,1,0.8262,0,0,0.0024,0,0,0.1935,INTP,ENTP
1,1,0.7583,1,1,0.7953,1,1,0.9955,1,1,0.8061,INFJ,INFJ
0,0,0.4541,1,1,0.9377,0,0,0.0005,0,0,0.095,ENTP,ENTP
1,1,0.5028,0,1,0.6885,0,1,0.6186,0,1,0.5206,ISTP,INFJ
1,1,0.675,1,1,0.5964,1,1,0.5708,1,1,0.5712,INFJ,INFJ
1,0,0.3515,1,0,0.2999,1,0,0.2999,1,1,0.5143,INFJ,ESTJ
1,1,0.6196,1,1,0.5846,1,1,0.7006,1,1,0.8135,INFJ,INFJ
1,0,0.2653,1,0,0.4996,1,0,0.1154,1,0,0.4238,INFJ,ESTP
1,0,0.474,1,0,0.4721,0,0,0.06,1,1,0.6822,INTJ,ESTJ
1,1,0.9216,1,1,0.9267,1,1,1.0,0,0,0.3029,INFP,INFP
1,1,0.532,1,1,0.6661,0,0,0.0871,1,0,0.2325,INTJ,INTP
0,1,0.5288,1,1,0.8953,0,0,0.0232,0,0,0.221,ENTP,INTP
0,1,0.5382,1,1,0.672,1,1,0.9452,0,1,0.6852,ENFP,INFJ
1,1,0.8569,1,1,0.9849,0,0,0.0109,0,0,0.2923,INTP,INTP
1,1,0.8495,1,1,0.6952,1,1,0.9903,1,0,0.3625,INFJ,INFP
1,1,0.5705,1,0,0.4931,1,1,0.7589,0,0,0.4727,INFP,ISFP
1,1,0.6135,1,1,0.5294,1,1,0.9884,0,0,0.2498,INFP,INFP
1,1,0.5884,1,1,0.8828,0,0,0.0223,0,0,0.2393,INTP,INTP
0,1,0.5424,1,1,0.527,0,0,0.1533,0,0,0.3733,ENTP,INTP
1,0,0.4708,0,0,0.3596,0,0,0.1,1,0,0.4232,ISTJ,ESTP
1,1,0.9517,1,1,0.9871,1,1,1.0,1,1,0.8524,INFJ,INFJ
1,1,0.6331,1,1,0.9731,0,0,0.0005,0,0,0.0522,INTP,INTP
1,1,0.5924,1,1,0.6392,0,0,0.163,0,0,0.4174,INTP,INTP
1,1,0.6297,1,1,0.8557,1,1,1.0,0,0,0.1312,INFP,INFP
0,0,0.4946,1,1,0.8695,0,0,0.0065,1,0,0.449,ENTJ,ENTP
1,0,0.3964,1,0,0.4786,0,0,0.0369,0,0,0.4784,INTP,ESTP
0,1,0.6478,1,1,0.6202,1,1,0.9998,0,0,0.0049,ENFP,INFP
1,0,0.3311,0,1,0.5703,1,1,0.7832,0,0,0.1951,ISFP,ENFP
1,1,0.7364,1,1,0.5015,1,1,0.9328,0,0,0.122,INFP,INFP
1,0,0.4981,1,1,0.6171,1,1,0.9713,1,1,0.5342,INFJ,ENFJ
1,1,0.9449,1,1,0.9972,1,1,0.9868,1,1,0.8571,INFJ,INFJ
1,1,0.7177,1,1,0.7765,0,1,0.843,0,0,0.2485,INTP,INFP
1,1,0.5005,1,1,0.6068,1,1,0.754,1,1,0.5964,INFJ,INFJ
1,1,0.7524,1,1,0.8205,0,1,0.917,1,1,0.6393,INTJ,INFJ
0,1,0.6427,1,1,0.6679,1,1,0.9741,0,0,0.4418,ENFP,INFP
0,1,0.6701,1,1,0.7547,1,1,0.9842,0,1,0.5521,ENFP,INFJ
1,1,0.8302,1,1,0.8645,1,1,0.9831,0,0,0.4519,INFP,INFP
1,1,0.571,1,1,0.8615,0,1,0.6704,1,0,0.1446,INTJ,INFP
1,1,0.6485,0,1,0.5997,1,1,0.8884,1,1,0.6285,ISFJ,INFJ
0,0,0.4367,1,1,0.8366,0,0,0.0088,0,0,0.2214,ENTP,ENTP
1,0,0.4868,1,1,0.7324,1,1,0.9775,1,1,0.5737,INFJ,ENFJ
0,1,0.5569,1,1,0.5206,0,0,0.3646,0,0,0.3805,ENTP,INTP
1,1,0.5948,1,1,0.6015,1,1,0.9813,0,0,0.17,INFP,INFP
1,1,0.7142,1,1,0.7172,1,1,0.9983,0,0,0.1215,INFP,INFP
1,0,0.4409,1,0,0.454,1,1,0.8401,0,0,0.2725,INFP,ESFP
0,0,0.28,0,1,0.6099,1,0,0.222,1,1,0.517,ESFJ,ENTJ
0,0,0.3598,1,1,0.7094,0,1,0.72,0,0,0.4539,ENTP,ENFP
0,1,0.5256,1,1,0.6194,0,0,0.1371,0,0,0.3584,ENTP,INTP
1,1,0.761,1,1,0.9571,0,1,0.9982,1,0,0.0476,INTJ,INFP
1,1,0.9031,1,1,0.9627,1,1,1.0,0,1,0.5645,INFP,INFJ
1,1,0.7547,0,1,0.6033,1,1,0.973,0,0,0.4472,ISFP,INFP
0,0,0.4193,1,0,0.4578,1,1,0.9903,0,0,0.1374,ENFP,ESFP
1,1,0.9189,1,1,0.9226,1,1,0.9989,0,0,0.1626,INFP,INFP
1,1,0.5831,1,1,0.72,0,0,0.2921,1,1,0.8085,INTJ,INTJ
1,0,0.4994,1,1,0.509,0,0,0.438,1,1,0.7705,INTJ,ENTJ
1,1,0.671,1,1,0.5137,1,1,0.987,0,0,0.1544,INFP,INFP
0,1,0.5869,1,1,0.8632,1,1,1.0,0,0,0.3386,ENFP,INFP
1,1,0.6831,1,1,0.8804,1,1,0.8899,0,0,0.1394,INFP,INFP
1,1,0.8218,1,1,0.6733,1,1,0.9923,0,0,0.2825,INFP,INFP
1,1,0.6723,1,1,0.7248,1,1,0.9999,0,0,0.0639,INFP,INFP
1,1,0.6817,1,1,0.6751,1,1,0.9535,1,1,0.5812,INFJ,INFJ
1,1,0.5507,0,1,0.6632,1,1,0.9881,0,1,0.7793,ISFP,INFJ
1,1,0.7052,1,1,0.9169,0,1,0.5901,0,0,0.1996,INTP,INFP
0,0,0.4405,1,1,0.5483,1,1,0.6303,0,0,0.3529,ENFP,ENFP
1,1,0.6371,1,1,0.53,0,0,0.2473,0,0,0.4552,INTP,INTP
1,1,0.6449,1,1,0.8868,0,0,0.1465,1,0,0.4147,INTJ,INTP
1,1,0.6285,1,1,0.8275,0,0,0.0308,1,1,0.5869,INTJ,INTJ
0,1,0.7599,1,1,0.8399,1,1,0.9993,1,1,0.745,ENFJ,INFJ
0,0,0.3858,0,0,0.4833,0,0,0.0088,0,0,0.3941,ESTP,ESTP
1,1,0.771,1,1,0.9353,0,0,0.1471,0,1,0.6432,INTP,INTJ
1,1,0.8806,1,1,0.9131,1,1,0.9825,0,1,0.7176,INFP,INFJ
0,1,0.7137,1,1,0.6802,1,1,0.9917,0,0,0.3373,ENFP,INFP
1,1,0.5109,1,1,0.647,1,1,0.685,1,1,0.5866,INFJ,INFJ
1,1,0.5397,1,1,0.7021,0,0,0.0071,1,1,0.539,INTJ,INTJ
1,1,0.6415,1,1,0.9724,0,0,0.0006,0,0,0.0759,INTP,INTP
1,1,0.5007,1,1,0.6458,1,1,0.9622,0,0,0.2214,INFP,INFP
1,1,0.6507,1,1,0.767,1,1,0.9209,1,1,0.535,INFJ,INFJ
1,1,0.6848,1,1,0.8454,0,1,0.9748,1,1,0.6462,INTJ,INFJ
0,0,0.3719,1,0,0.3979,0,1,0.5519,0,0,0.2861,ENTP,ESFP
1,1,0.97,1,1,0.9977,1,1,1.0,1,1,0.9942,INFJ,INFJ
1,0,0.4766,1,1,0.7699,1,0,0.3053,0,0,0.254,INFP,ENTP
1,0,0.4417,1,1,0.5537,1,1,0.5993,0,0,0.2144,INFP,ENFP
1,1,0.9445,1,1,0.9881,1,1,1.0,1,1,0.9716,INFJ,INFJ
0,1,0.8669,1,1,0.8884,1,1,0.9998,1,1,0.5771,ENFJ,INFJ
1,0,0.3862,1,1,0.8336,0,0,0.0468,0,0,0.3846,INTP,ENTP
0,1,0.5451,1,1,0.8296,0,0,0.0368,0,0,0.2553,ENTP,INTP
1,1,0.6151,1,1,0.6273,0,0,0.2376,1,1,0.5611,INTJ,INTJ
1,1,0.629,1,1,0.5978,1,0,0.3282,0,0,0.2813,INFP,INTP
1,1,0.6338,1,1,0.9211,0,0,0.0038,0,0,0.2306,INTP,INTP
1,0,0.4632,1,1,0.6602,1,0,0.0486,0,1,0.5353,INFP,ENTJ
1,1,0.791,1,1,0.7551,1,1,0.9998,0,0,0.0564,INFP,INFP
1,1,0.5744,0,1,0.6829,1,1,0.9662,0,0,0.276,ISFP,INFP
1,0,0.363,1,0,0.4876,1,1,0.6286,0,0,0.1482,INFP,ESFP
1,1,0.6589,1,1,0.7717,1,1,0.9845,1,1,0.6153,INFJ,INFJ
1,1,0.6809,1,1,0.5696,0,0,0.2686,1,1,0.552,INTJ,INTJ
1,1,0.9653,1,1,0.9869,1,1,0.9996,1,1,0.6256,INFJ,INFJ
1,0,0.3253,0,0,0.4234,0,0,0.3844,1,1,0.5039,ISTJ,ESTJ
1,1,0.6794,1,1,0.8774,1,0,0.4517,1,0,0.3591,INFJ,INTP
1,1,0.736,1,1,0.7952,1,1,0.9745,1,1,0.7741,INFJ,INFJ
1,1,0.6627,1,1,0.858,0,0,0.1616,1,0,0.4375,INTJ,INTP
0,1,0.7485,1,1,0.6582,1,1,0.9878,0,0,0.2602,ENFP,INFP
0,1,0.5696,1,1,0.7507,1,1,0.9999,0,0,0.1,ENFP,INFP
1,1,0.6226,1,1,0.8374,0,0,0.0413,0,0,0.3827,INTP,INTP
0,0,0.4673,1,1,0.885,0,0,0.0205,0,0,0.1492,ENTP,ENTP
1,1,0.5717,0,1,0.6144,0,0,0.005,1,1,0.6578,ISTJ,INTJ
1,1,0.9377,1,1,0.9807,1,1,0.9999,1,1,0.8129,INFJ,INFJ
1,1,0.8495,1,1,0.9378,1,1,0.9989,0,1,0.707,INFP,INFJ
0,0,0.3836,1,1,0.5087,1,1,0.7858,0,0,0.4796,ENFP,ENFP
1,1,0.7415,1,1,0.8351,1,1,0.9991,0,0,0.0588,INFP,INFP
1,1,0.9094,1,1,0.8552,1,1,0.9557,0,0,0.1479,INFP,INFP
1,1,0.6531,1,1,0.9205,0,0,0.0038,0,0,0.2385,INTP,INTP
1,1,0.6446,1,1,0.7109,0,1,0.7275,1,1,0.7276,INTJ,INFJ
1,1,0.6808,1,1,0.8184,1,1,0.9999,1,0,0.3164,INFJ,INFP
1,1,0.8298,1,1,0.7174,1,1,0.9849,1,1,0.5016,INFJ,INFJ
0,1,0.5886,1,1,0.7712,0,0,0.0843,0,1,0.5706,ENTP,INTJ
1,1,0.6562,1,1,0.7281,1,0,0.1485,0,0,0.279,INFP,INTP
0,0,0.336,1,0,0.3905,1,1,0.836,0,0,0.3495,ENFP,ESFP
1,1,0.5409,1,1,0.7504,1,1,0.8329,0,0,0.301,INFP,INFP
0,1,0.5078,1,1,0.5605,1,0,0.1894,0,1,0.7682,ENFP,INTJ
1,1,0.7677,1,1,0.74,1,1,0.8324,1,1,0.7565,INFJ,INFJ
1,1,0.8515,1,1,0.8975,1,1,0.9966,0,0,0.3752,INFP,INFP
1,1,0.8371,1,1,0.9288,1,1,0.9714,1,1,0.9378,INFJ,INFJ
1,0,0.4216,0,0,0.4658,1,1,0.9143,0,0,0.2897,ISFP,ESFP
1,1,0.5754,1,1,0.8246,1,0,0.0694,0,0,0.2666,INFP,INTP
1,1,0.7106,1,1,0.8019,1,1,0.8124,0,1,0.5796,INFP,INFJ
1,1,0.8412,0,1,0.6807,1,1,0.9771,0,0,0.2613,ISFP,INFP
1,1,0.7761,1,1,0.8052,0,0,0.1011,1,0,0.3605,INTJ,INTP
1,1,0.7509,1,1,0.8526,1,0,0.1054,0,0,0.2106,INFP,INTP
1,1,0.6234,1,1,0.7373,1,1,0.5168,1,1,0.5087,INFJ,INFJ
1,1,0.7062,1,1,0.8621,1,1,0.9798,0,0,0.3107,INFP,INFP
1,1,0.6262,1,1,0.6507,1,1,0.9595,0,0,0.3297,INFP,INFP
1,1,0.5833,1,1,0.8416,0,0,0.2083,1,0,0.2024,INTJ,INTP
1,1,0.6749,0,0,0.4029,0,0,0.4469,0,0,0.4347,ISTP,ISTP
1,1,0.5329,1,1,0.559,1,1,0.9622,0,0,0.0626,INFP,INFP
1,1,0.5552,1,1,0.7876,1,1,0.5751,1,1,0.6665,INFJ,INFJ
1,1,0.8138,1,1,0.9107,1,1,0.9986,1,1,0.5025,INFJ,INFJ
1,1,0.6198,1,1,0.6598,1,1,0.6706,0,0,0.4948,INFP,INFP
1,1,0.52,1,1,0.5797,0,0,0.0375,0,0,0.4591,INTP,INTP
1,1,0.7005,1,1,0.7876,1,1,0.9328,0,0,0.4324,INFP,INFP
0,1,0.539,1,1,0.8627,1,1,0.9904,0,0,0.2687,ENFP,INFP
1,1,0.7098,1,1,0.6127,1,1,0.5324,0,1,0.5037,INFP,INFJ
1,1,0.8359,1,1,0.9496,1,1,0.9251,0,0,0.1174,INFP,INFP
0,1,0.5864,1,1,0.6788,1,1,0.9718,1,1,0.7682,ENFJ,INFJ
1,1,0.5988,1,1,0.9274,0,0,0.004,0,0,0.0828,INTP,INTP
1,1,0.7551,1,1,0.9123,1,1,0.9638,0,1,0.5879,INFP,INFJ
0,1,0.5383,1,1,0.5273,0,0,0.2183,1,1,0.8462,ENTJ,INTJ
1,1,0.6207,1,1,0.8306,1,0,0.1617,1,1,0.7516,INFJ,INTJ
0,1,0.526,1,1,0.6671,1,1,0.9982,0,0,0.0409,ENFP,INFP
0,1,0.557,0,1,0.7549,0,0,0.4845,0,0,0.1987,ESTP,INTP
1,0,0.458,0,0,0.401,0,0,0.0411,0,1,0.7219,ISTP,ESTJ
1,1,0.7242,1,1,0.5343,1,1,0.7284,1,0,0.4425,INFJ,INFP
1,1,0.5746,0,1,0.5924,0,0,0.4387,0,0,0.2911,ISTP,INTP
1,1,0.6301,1,1,0.7918,0,0,0.0393,0,0,0.2945,INTP,INTP
1,1,0.843,0,1,0.9045,0,1,0.8814,0,0,0.3397,ISTP,INFP
0,0,0.3398,1,1,0.6434,0,0,0.2553,1,0,0.2232,ENTJ,ENTP
1,0,0.4145,1,1,0.7876,0,0,0.0089,0,0,0.3186,INTP,ENTP
1,0,0.4593,1,1,0.8882,0,0,0.0011,0,0,0.2684,INTP,ENTP
0,0,0.4192,0,0,0.3873,0,0,0.2193,0,0,0.473,ESTP,ESTP
0,0,0.492,1,1,0.6547,1,1,0.9356,0,1,0.5574,ENFP,ENFJ
1,1,0.7934,1,1,0.9881,0,0,0.2117,1,0,0.2767,INTJ,INTP
1,1,0.7263,1,1,0.6827,1,1,0.993,0,0,0.3067,INFP,INFP
1,1,0.6857,1,1,0.666,0,1,0.7518,0,0,0.3926,INTP,INFP
0,1,0.5427,0,1,0.6419,0,0,0.3079,0,1,0.5554,ESTP,INTJ
1,1,0.821,1,1,0.8982,1,1,0.9989,1,1,0.7775,INFJ,INFJ
1,1,0.5335,1,1,0.6769,1,1,0.9922,1,1,0.5612,INFJ,INFJ
0,1,0.5713,1,1,0.6014,1,1,0.9631,0,1,0.5268,ENFP,INFJ
1,1,0.9712,1,1,0.9955,1,1,1.0,1,1,0.9533,INFJ,INFJ
1,1,0.8302,1,1,0.7896,1,1,0.9927,1,0,0.1099,INFJ,INFP
1,1,0.6602,1,1,0.9062,1,0,0.1518,1,0,0.4185,INFJ,INTP
1,1,0.5173,0,0,0.4653,1,1,0.9481,0,0,0.2958,ISFP,ISFP
1,1,0.5588,0,1,0.7456,0,0,0.0125,0,0,0.369,ISTP,INTP
1,1,0.6132,1,1,0.646,0,0,0.3142,0,1,0.6231,INTP,INTJ
1,1,0.5294,1,1,0.539,0,0,0.015,0,1,0.5482,INTP,INTJ
1,1,0.6958,1,1,0.7873,0,0,0.0459,1,1,0.5185,INTJ,INTJ
0,0,0.4992,1,1,0.6661,0,0,0.1274,0,0,0.3262,ENTP,ENTP
0,1,0.8062,1,1,0.9062,1,1,0.9972,0,1,0.5244,ENFP,INFJ
1,1,0.8572,1,1,0.952,1,1,0.6195,1,1,0.8918,INFJ,INFJ
1,1,0.7913,1,1,0.6716,1,1,0.9634,0,0,0.261,INFP,INFP
1,1,0.723,1,1,0.8715,0,0,0.4144,1,1,0.6357,INTJ,INTJ
0,0,0.3777,1,1,0.834,0,0,0.0115,0,0,0.1626,ENTP,ENTP
0,0,0.2967,1,1,0.7006,0,0,0.0428,0,0,0.1037,ENTP,ENTP
0,1,0.7571,1,1,0.9081,1,1,0.9723,0,0,0.3864,ENFP,INFP
1,1,0.9017,1,1,0.9767,1,1,0.9969,0,0,0.3846,INFP,INFP
1,0,0.3984,1,1,0.7654,1,1,0.9706,0,0,0.4291,INFP,ENFP
1,1,0.629,1,1,0.7937,0,0,0.0489,0,0,0.146,INTP,INTP
1,1,0.962,1,1,0.9938,1,1,1.0,1,1,0.9827,INFJ,INFJ
1,0,0.1794,0,0,0.2064,1,1,0.795,0,0,0.3849,ISFP,ESFP
0,0,0.4214,0,1,0.5148,1,0,0.4969,0,0,0.4561,ESFP,ENTP
1,1,0.9016,1,1,0.9138,1,1,1.0,0,0,0.2846,INFP,INFP
1,1,0.7592,1,1,0.8467,1,1,0.9934,0,1,0.673,INFP,INFJ
1,1,0.7417,1,1,0.8012,1,1,0.9984,0,0,0.3025,INFP,INFP
0,0,0.3486,1,1,0.5101,1,0,0.3387,0,0,0.2215,ENFP,ENTP
0,1,0.5911,1,1,0.7424,1,0,0.0164,1,0,0.4972,ENFJ,INTP
1,1,0.5573,1,1,0.7072,0,1,0.8363,1,0,0.2487,INTJ,INFP
1,1,0.8263,1,1,0.9488,1,1,0.9994,1,1,0.9386,INFJ,INFJ
1,1,0.5847,1,1,0.6572,0,1,0.6539,1,0,0.3414,INTJ,INFP
1,1,0.7318,1,1,0.7985,0,1,0.6714,1,1,0.538,INTJ,INFJ
1,1,0.7722,1,1,0.6181,0,1,0.5108,0,0,0.4195,INTP,INFP
1,1,0.5421,1,1,0.9293,0,0,0.0063,1,0,0.2173,INTJ,INTP
1,1,0.8374,1,1,0.9281,0,1,0.6681,0,1,0.558,INTP,INFJ
1,1,0.7921,1,1,0.9081,1,1,0.998,0,0,0.3217,INFP,INFP
1,0,0.3755,1,1,0.6375,1,0,0.4427,0,0,0.3159,INFP,ENTP
1,1,0.9792,1,1,0.9988,1,1,1.0,1,1,0.9359,INFJ,INFJ
1,1,0.6419,1,1,0.957,1,1,0.6141,0,1,0.6302,INFP,INFJ
0,0,0.456,1,0,0.3652,0,0,0.2908,0,1,0.537,ENTP,ESTJ
1,1,0.6858,1,1,0.8891,1,1,0.9929,0,0,0.2871,INFP,INFP
0,0,0.4833,1,1,0.5607,0,0,0.1056,1,1,0.748,ENTJ,ENTJ
1,1,0.7064,1,1,0.9541,0,0,0.0356,0,0,0.0657,INTP,INTP
1,1,0.7957,1,1,0.983,1,1,0.7953,1,1,0.5312,INFJ,INFJ
1,1,0.8744,1,1,0.9646,1,1,0.9931,1,1,0.7713,INFJ,INFJ
1,1,0.6887,1,1,0.982,0,0,1e-04,0,0,0.1647,INTP,INTP
1,1,0.7314,1,1,0.8281,1,1,0.979,0,0,0.1142,INFP,INFP
1,1,0.6877,1,1,0.8812,0,0,0.0276,1,1,0.8511,INTJ,INTJ
0,0,0.1916,1,0,0.4603,1,1,0.9978,0,0,0.3394,ENFP,ESFP
1,0,0.4095,0,1,0.6428,0,0,0.0463,0,1,0.6785,ISTP,ENTJ
1,1,0.6214,1,1,0.9065,0,0,0.0055,0,0,0.2447,INTP,INTP
0,1,0.5197,1,1,0.7452,0,0,0.0162,0,0,0.423,ENTP,INTP
0,0,0.4452,1,1,0.6248,0,0,0.1956,1,0,0.34,ENTJ,ENTP
1,0,0.344,1,1,0.5254,1,0,0.1236,0,0,0.2957,INFP,ENTP
1,1,0.7214,0,1,0.514,0,1,0.82,0,0,0.4739,ISTP,INFP
1,0,0.4436,1,0,0.3762,0,0,0.3593,0,0,0.4551,INTP,ESTP
1,0,0.3383,1,0,0.3577,0,0,0.3926,1,1,0.5692,INTJ,ESTJ
1,1,0.6264,1,1,0.8477,0,0,0.0081,1,1,0.6862,INTJ,INTJ
1,1,0.771,1,1,0.8977,1,1,0.9915,0,0,0.1103,INFP,INFP
1,1,0.9057,1,1,0.9772,1,1,0.9991,1,1,0.9536,INFJ,INFJ
1,1,0.6183,0,1,0.7022,1,1,0.6362,1,0,0.2832,ISFJ,INFP
0,0,0.4902,1,1,0.9212,0,0,0.0036,0,0,0.191,ENTP,ENTP
1,1,0.883,1,1,0.9541,1,1,0.9993,0,0,0.3035,INFP,INFP
1,0,0.4096,1,1,0.6969,1,1,0.9799,1,0,0.4207,INFJ,ENFP
0,1,0.8376,0,1,0.8443,0,1,0.9712,1,0,0.407,ESTJ,INFP
1,1,0.545,0,1,0.7137,0,0,0.0073,0,1,0.6718,ISTP,INTJ
0,0,0.2921,1,1,0.8601,0,0,0.001,0,0,0.1388,ENTP,ENTP
1,1,0.8426,1,1,0.9311,0,1,0.9206,1,1,0.6075,INTJ,INFJ
1,1,0.7225,1,1,0.9146,0,0,0.0129,1,1,0.7843,INTJ,INTJ
1,1,0.6221,0,1,0.5799,0,1,0.9645,0,1,0.5139,ISTP,INFJ
1,1,0.8657,1,1,0.9429,1,1,0.9939,1,0,0.4159,INFJ,INFP
1,1,0.5632,1,0,0.4029,0,0,0.1368,1,1,0.5369,INTJ,ISTJ
1,0,0.3665,1,0,0.4736,0,0,0.1694,0,0,0.351,INTP,ESTP
0,1,0.6291,1,1,0.9457,0,0,0.0014,0,0,0.2438,ENTP,INTP
1,1,0.957,1,1,0.9565,1,1,0.9999,1,0,0.4173,INFJ,INFP
1,0,0.4896,1,0,0.4224,0,0,0.1296,0,0,0.3797,INTP,ESTP
1,1,0.912,1,1,0.9634,1,1,0.9991,1,1,0.9813,INFJ,INFJ
1,1,0.6966,1,1,0.779,1,1,0.8729,0,0,0.289,INFP,INFP
0,1,0.8588,1,1,0.9706,1,1,1.0,1,1,0.9602,ENFJ,INFJ
0,0,0.3485,1,1,0.5436,1,0,0.4907,1,0,0.405,ENFJ,ENTP
1,1,0.956,1,1,0.9516,1,1,1.0,0,0,0.2374,INFP,INFP
0,1,0.851,1,1,0.924,1,1,0.9987,0,1,0.555,ENFP,INFJ
0,0,0.3943,1,0,0.3838,1,1,0.6466,0,0,0.4946,ENFP,ESFP
0,1,0.6729,1,1,0.8174,0,0,0.0442,0,0,0.1913,ENTP,INTP
1,0,0.4952,1,0,0.4806,0,0,0.3018,0,0,0.4409,INTP,ESTP
0,1,0.6658,1,1,0.8685,1,1,0.9992,0,1,0.8662,ENFP,INFJ
1,1,0.5537,1,1,0.7734,1,0,0.0186,0,0,0.3567,INFP,INTP
1,1,0.8099,1,1,0.8389,1,1,0.9922,1,1,0.661,INFJ,INFJ
1,1,0.5152,1,1,0.6995,1,1,0.8164,1,0,0.4413,INFJ,INFP
1,1,0.745,1,0,0.4944,0,1,0.6934,1,0,0.4604,INTJ,ISFP
0,1,0.8029,1,1,0.9849,0,0,0.0692,0,0,0.2103,ENTP,INTP
1,1,0.8371,1,1,0.904,0,1,0.9988,1,0,0.4012,INTJ,INFP
0,0,0.2936,0,0,0.3516,1,1,0.7487,0,1,0.6443,ESFP,ESFJ
1,1,0.5453,1,1,0.6883,1,1,0.9996,0,0,0.1285,INFP,INFP
1,1,0.6894,1,1,0.9097,1,1,0.9667,1,1,0.8465,INFJ,INFJ
1,0,0.4549,1,1,0.987,0,0,0.0002,0,0,0.0842,INTP,ENTP
1,1,0.668,1,1,0.9388,1,0,0.0328,0,1,0.8133,INFP,INTJ
1,1,0.8997,1,1,0.9614,1,1,0.9752,1,1,0.9949,INFJ,INFJ
1,0,0.3759,1,0,0.3839,1,0,0.1222,1,1,0.5188,INFJ,ESTJ
1,0,0.2842,0,0,0.3321,0,0,0.1174,0,1,0.7208,ISTP,ESTJ
0,1,0.557,1,1,0.5907,1,1,0.5656,1,1,0.6191,ENFJ,INFJ
0,0,0.3149,1,0,0.4783,1,1,0.8664,0,0,0.4124,ENFP,ESFP
1,1,0.6388,1,1,0.7637,1,1,0.9999,0,0,0.0576,INFP,INFP
0,1,0.5433,1,1,0.7097,1,1,0.9952,0,0,0.1837,ENFP,INFP
1,1,0.9182,1,1,0.9555,0,1,0.7536,0,0,0.0788,INTP,INFP
0,1,0.6681,1,1,0.8177,0,0,0.3725,1,1,0.951,ENTJ,INTJ
0,1,0.5719,1,1,0.7156,1,1,0.9999,0,0,0.0981,ENFP,INFP
1,1,0.7328,1,1,0.9632,1,0,0.1065,1,0,0.1547,INFJ,INTP
1,1,0.7027,0,1,0.5962,1,0,0.1918,0,0,0.2638,ISFP,INTP
1,1,0.7491,1,1,0.7041,1,1,0.9916,0,0,0.1105,INFP,INFP
1,1,0.8575,1,1,0.9014,1,1,0.9779,1,1,0.9766,INFJ,INFJ
1,1,0.9421,1,1,0.9297,1,1,1.0,0,0,0.0848,INFP,INFP
1,1,0.7107,1,1,0.6154,1,1,0.9957,0,0,0.1204,INFP,INFP
1,1,0.7328,1,1,0.8862,0,1,0.9883,1,1,0.7491,INTJ,INFJ
1,1,0.6328,1,1,0.6243,1,1,0.9408,0,0,0.4729,INFP,INFP
1,1,0.6661,1,1,0.9543,1,0,0.1757,1,0,0.2561,INFJ,INTP
1,1,0.6547,1,1,0.7923,1,1,0.9559,0,0,0.2327,INFP,INFP
0,0,0.4452,1,1,0.5603,1,1,0.9251,1,1,0.743,ENFJ,ENFJ
1,1,0.6427,1,1,0.8309,0,0,0.0285,0,0,0.1998,INTP,INTP
0,1,0.5077,1,1,0.529,1,1,0.9407,0,0,0.2157,ENFP,INFP
1,1,0.955,1,1,0.99,0,1,1.0,1,1,0.9863,INTJ,INFJ
1,1,0.6203,1,1,0.5574,1,1,0.8773,0,0,0.4923,INFP,INFP
0,0,0.3782,1,1,0.6569,0,0,0.0013,1,1,0.6129,ENTJ,ENTJ
1,1,0.602,1,1,0.7599,1,1,0.9444,1,1,0.819,INFJ,INFJ
1,1,0.7855,1,1,0.9016,1,1,0.9752,0,1,0.5875,INFP,INFJ
0,1,0.6559,1,1,0.9873,0,0,0.0005,0,0,0.086,ENTP,INTP
1,1,0.7108,1,1,0.9745,0,0,0.1736,0,0,0.0316,INTP,INTP
1,0,0.3392,0,0,0.3686,0,0,0.0029,1,1,0.7937,ISTJ,ESTJ
1,1,0.8933,1,1,0.9036,1,1,1.0,0,0,0.0993,INFP,INFP
1,0,0.458,1,1,0.9441,0,0,0.0081,0,0,0.0798,INTP,ENTP
1,1,0.6707,1,1,0.9287,0,0,0.0078,1,0,0.3478,INTJ,INTP
1,1,0.8476,1,1,0.9716,0,0,0.1557,1,0,0.2572,INTJ,INTP
1,1,0.7258,1,1,0.8753,0,0,0.0053,1,0,0.4741,INTJ,INTP
1,0,0.4541,0,0,0.3803,1,1,0.649,0,0,0.4563,ISFP,ESFP
1,1,0.7044,1,1,0.6865,0,0,0.1018,0,0,0.2559,INTP,INTP
1,1,0.721,1,1,0.9372,0,0,0.0004,0,0,0.2012,INTP,INTP
1,1,0.8431,1,1,0.5309,1,1,0.9966,0,0,0.049,INFP,INFP
1,1,0.7904,1,1,0.9578,1,0,0.4526,1,1,0.7886,INFJ,INTJ
0,0,0.4427,1,1,0.5102,1,1,0.9533,1,1,0.5077,ENFJ,ENFJ
1,0,0.3719,1,1,0.6438,0,0,0.3002,0,0,0.3221,INTP,ENTP
0,0,0.4507,1,1,0.5759,1,1,0.9617,0,0,0.3455,ENFP,ENFP
1,0,0.4878,1,1,0.6155,0,0,0.134,1,1,0.6553,INTJ,ENTJ
0,0,0.4852,1,1,0.6353,0,0,0.0323,1,1,0.5358,ENTJ,ENTJ
1,0,0.4077,0,0,0.3758,0,0,0.3073,0,1,0.7239,ISTP,ESTJ
1,0,0.2676,0,0,0.2075,0,0,0.3577,1,1,0.8247,ISTJ,ESTJ
0,0,0.4213,1,1,0.5201,1,1,0.9927,0,0,0.2275,ENFP,ENFP
1,0,0.4838,0,1,0.5152,1,1,0.9284,1,1,0.5297,ISFJ,ENFJ
1,0,0.3524,0,0,0.4195,0,1,0.7798,1,0,0.4794,ISTJ,ESFP
1,1,0.9198,1,1,0.9589,1,1,1.0,0,1,0.6642,INFP,INFJ
0,0,0.4747,1,1,0.6499,1,1,0.9906,0,0,0.4862,ENFP,ENFP
1,1,0.9313,1,1,0.9648,1,1,1.0,0,1,0.6457,INFP,INFJ
1,1,0.5047,1,1,0.6461,1,1,0.9143,0,0,0.158,INFP,INFP
0,0,0.3021,1,0,0.3003,0,1,0.5083,0,0,0.3683,ENTP,ESFP
1,1,0.698,1,1,0.5913,1,1,0.9962,1,0,0.1347,INFJ,INFP
1,0,0.4203,0,1,0.7017,0,0,0.0805,1,1,0.7598,ISTJ,ENTJ
1,1,0.7044,1,1,0.7102,1,1,0.9962,0,0,0.3163,INFP,INFP
1,1,0.5157,1,1,0.6085,0,0,0.3571,1,1,0.559,INTJ,INTJ
0,0,0.2672,1,0,0.3496,1,1,0.5345,0,1,0.5091,ENFP,ESFJ
0,0,0.22,1,0,0.3541,1,1,0.784,0,0,0.3749,ENFP,ESFP
1,1,0.5334,1,1,0.5739,1,1,0.8239,1,0,0.461,INFJ,INFP
0,1,0.6204,1,1,0.8091,1,1,0.973,0,1,0.773,ENFP,INFJ
1,0,0.4854,1,1,0.6724,0,1,0.9219,0,0,0.3773,INTP,ENFP
1,0,0.4575,1,1,0.6932,1,0,0.0366,1,0,0.4146,INFJ,ENTP
1,1,0.707,1,1,0.7749,1,1,0.9166,0,1,0.519,INFP,INFJ
1,1,0.7865,1,1,0.9195,0,0,0.0317,1,0,0.3902,INTJ,INTP
1,1,0.7592,0,1,0.7092,1,1,0.9952,0,0,0.2339,ISFP,INFP
0,1,0.7628,1,1,0.7409,1,1,0.9974,0,0,0.3593,ENFP,INFP
0,0,0.358,1,1,0.5956,1,1,0.9638,1,0,0.3255,ENFJ,ENFP
1,1,0.7135,1,1,0.9437,0,0,0.0031,0,0,0.1965,INTP,INTP
1,1,0.553,1,0,0.3833,0,1,0.5127,0,0,0.4326,INTP,ISFP
1,1,0.8717,1,1,0.9513,1,1,1.0,1,1,0.6774,INFJ,INFJ
1,1,0.7564,0,1,0.5621,1,0,0.2874,0,0,0.3112,ISFP,INTP
1,1,0.818,1,1,0.9481,1,1,1.0,1,0,0.4145,INFJ,INFP
0,1,0.6505,0,1,0.6315,0,0,0.2162,0,0,0.2266,ESTP,INTP
0,1,0.5718,1,1,0.7495,1,0,0.1555,0,1,0.9612,ENFP,INTJ
1,1,0.9256,1,1,0.9439,1,1,0.9951,0,1,0.9437,INFP,INFJ
0,1,0.5526,1,1,0.7016,1,1,0.8463,0,1,0.5857,ENFP,INFJ
1,1,0.7682,1,1,0.8233,1,1,0.9761,1,0,0.3355,INFJ,INFP
0,0,0.2542,1,1,0.9713,0,0,0.0,0,0,0.0195,ENTP,ENTP
1,1,0.7078,1,1,0.7195,1,1,0.9348,1,0,0.4656,INFJ,INFP
1,0,0.4782,1,1,0.8927,0,0,0.0282,0,0,0.2392,INTP,ENTP
1,0,0.2505,1,1,0.5715,1,1,0.949,0,0,0.1428,INFP,ENFP
1,1,0.6332,1,1,0.7786,0,0,0.3869,0,1,0.6328,INTP,INTJ
0,1,0.7015,1,1,0.9021,0,1,0.8399,0,0,0.1379,ENTP,INFP
1,1,0.7281,1,1,0.8579,0,0,0.263,0,0,0.3271,INTP,INTP
0,1,0.5861,1,1,0.5564,1,1,0.6945,0,0,0.18,ENFP,INFP
0,0,0.4453,1,1,0.779,1,1,0.9995,0,0,0.2031,ENFP,ENFP
0,0,0.2121,1,0,0.4132,1,1,0.9313,0,1,0.5749,ENFP,ESFJ
1,1,0.6666,1,1,0.8091,1,1,0.5852,0,0,0.4051,INFP,INFP
1,1,0.8624,1,1,0.836,1,1,0.9993,0,0,0.3006,INFP,INFP
0,0,0.4364,1,1,0.8027,1,1,0.998,0,0,0.2142,ENFP,ENFP
1,1,0.6552,1,1,0.9155,0,0,0.0062,0,0,0.1359,INTP,INTP
1,1,0.6589,1,1,0.6937,0,1,0.771,1,1,0.9173,INTJ,INFJ
1,1,0.9105,1,1,0.962,0,1,0.737,1,1,0.6568,INTJ,INFJ
1,0,0.4903,0,0,0.4282,0,0,0.0412,0,0,0.3252,ISTP,ESTP
1,1,0.7278,1,1,0.6537,1,1,0.9738,0,0,0.1938,INFP,INFP
1,1,0.7213,1,1,0.9188,0,0,0.0201,0,0,0.2511,INTP,INTP
1,0,0.2596,0,1,0.7396,0,0,0.0009,0,0,0.2276,ISTP,ENTP
1,1,0.5918,1,1,0.7465,0,0,0.1964,1,1,0.5661,INTJ,INTJ
1,0,0.4529,1,1,0.7715,0,0,0.0115,0,0,0.202,INTP,ENTP
1,0,0.3785,0,0,0.3105,0,0,0.1138,0,1,0.51,ISTP,ESTJ
1,1,0.5166,1,1,0.6015,0,1,0.6054,0,0,0.308,INTP,INFP
1,0,0.384,0,0,0.4519,0,0,0.1907,0,1,0.6964,ISTP,ESTJ
1,1,0.8076,1,1,0.912,1,1,0.9796,1,1,0.6593,INFJ,INFJ
1,1,0.7335,1,1,0.8804,1,0,0.1951,1,0,0.3375,INFJ,INTP
1,1,0.5146,1,1,0.781,1,1,0.9987,0,0,0.0873,INFP,INFP
1,1,0.7928,1,1,0.9078,0,0,0.0145,1,0,0.1823,INTJ,INTP
0,1,0.6297,1,1,0.9252,0,0,0.007,0,0,0.2916,ENTP,INTP
1,1,0.8522,1,1,0.9783,1,1,0.9212,1,1,0.9172,INFJ,INFJ
1,1,0.706,1,1,0.5687,1,1,0.9947,0,0,0.1195,INFP,INFP
0,1,0.5476,1,1,0.6179,1,1,0.9694,0,1,0.6576,ENFP,INFJ
1,1,0.9402,1,1,0.9772,0,1,0.9433,1,1,0.8062,INTJ,INFJ
1,0,0.4036,1,1,0.5487,0,1,0.656,0,0,0.4039,INTP,ENFP
1,1,0.6773,1,1,0.868,1,1,0.9721,1,1,0.5156,INFJ,INFJ
0,0,0.4732,1,1,0.7838,0,0,0.0003,1,1,0.9158,ENTJ,ENTJ
1,1,0.6052,1,1,0.7739,0,0,0.2383,1,1,0.6093,INTJ,INTJ
1,1,0.622,1,1,0.8208,0,0,0.003,1,1,0.9455,INTJ,INTJ
1,1,0.5895,1,1,0.768,1,1,0.9907,1,0,0.3817,INFJ,INFP
0,1,0.6561,1,1,0.994,0,0,0.0003,0,0,0.0393,ENTP,INTP
1,1,0.9439,1,1,0.983,1,1,0.9965,0,1,0.7092,INFP,INFJ
1,1,0.6614,1,1,0.9149,1,1,0.9948,0,0,0.2165,INFP,INFP
1,0,0.3364,1,0,0.4721,1,0,0.3914,0,0,0.3667,INFP,ESTP
1,1,0.773,1,1,0.8058,1,1,0.5642,1,1,0.5456,INFJ,INFJ
1,1,0.9147,1,1,0.9888,1,1,0.9999,1,1,0.8977,INFJ,INFJ
1,1,0.613,1,1,0.8073,0,0,0.1507,1,0,0.322,INTJ,INTP
1,1,0.8337,1,1,0.8725,1,1,0.9999,0,0,0.3431,INFP,INFP
0,0,0.2568,1,0,0.3476,1,1,0.9475,0,0,0.3376,ENFP,ESFP
1,1,0.7808,1,1,0.7921,1,1,0.996,0,1,0.6281,INFP,INFJ
0,1,0.6394,1,1,0.7236,1,1,0.9997,0,0,0.0302,ENFP,INFP
0,1,0.7482,1,1,0.8747,0,0,0.0222,1,1,0.6593,ENTJ,INTJ
1,1,0.8747,1,1,0.9473,0,1,0.8512,0,0,0.3949,INTP,INFP
0,0,0.3198,1,0,0.481,0,0,0.4875,1,0,0.2378,ENTJ,ESTP
0,1,0.6063,1,1,0.7349,0,0,0.0219,0,0,0.3915,ENTP,INTP
1,1,0.6993,1,1,0.9913,0,0,0.0,1,1,0.6205,INTJ,INTJ
1,1,0.5028,1,1,0.6582,1,1,0.9618,0,0,0.4636,INFP,INFP
0,1,0.5832,0,1,0.8216,1,1,0.9975,0,0,0.1236,ESFP,INFP
1,0,0.3911,1,1,0.5755,1,1,0.9909,1,1,0.6373,INFJ,ENFJ
1,1,0.6275,1,1,0.7679,0,0,0.0171,0,0,0.3023,INTP,INTP
1,1,0.6988,1,1,0.9935,0,0,0.0002,0,0,0.1689,INTP,INTP
1,1,0.6439,1,0,0.4655,1,1,0.8824,0,0,0.3539,INFP,ISFP
1,1,0.8004,1,1,0.7096,1,1,0.9651,0,1,0.6404,INFP,INFJ
0,1,0.699,1,1,0.9607,0,0,0.0016,0,0,0.1961,ENTP,INTP
0,1,0.8443,1,1,0.9244,0,1,0.9085,1,0,0.3603,ENTJ,INFP
1,1,0.5931,1,1,0.6336,1,1,0.9308,1,0,0.3888,INFJ,INFP
1,1,0.657,0,1,0.673,1,1,0.8759,0,0,0.0903,ISFP,INFP
1,0,0.4406,1,1,0.5608,1,0,0.1774,1,0,0.4217,INFJ,ENTP
1,0,0.3625,0,0,0.339,1,0,0.468,1,1,0.5883,ISFJ,ESTJ
1,1,0.9887,1,1,0.9979,1,1,1.0,1,1,0.9936,INFJ,INFJ
1,1,0.6967,1,1,0.9363,0,0,0.0004,1,0,0.2598,INTJ,INTP
1,1,0.5284,1,1,0.7879,0,0,0.0781,0,1,0.5915,INTP,INTJ
1,1,0.6012,1,1,0.5066,1,0,0.3847,1,0,0.4422,INFJ,INTP
1,1,0.8388,1,1,0.9951,0,0,0.205,0,0,0.4908,INTP,INTP
1,0,0.4379,0,1,0.6109,0,0,0.1626,1,1,0.5703,ISTJ,ENTJ
1,1,0.7343,1,1,0.9655,0,0,0.0078,0,0,0.2869,INTP,INTP
0,0,0.4718,1,1,0.5537,1,1,0.9683,0,0,0.2644,ENFP,ENFP
0,1,0.6538,1,1,0.7356,1,1,0.9979,0,0,0.3806,ENFP,INFP
1,1,0.7761,1,1,0.708,1,1,0.6093,1,0,0.3878,INFJ,INFP
1,1,0.6077,1,1,0.5559,0,1,0.6826,1,0,0.4328,INTJ,INFP
1,1,0.9804,1,1,0.9989,1,1,0.9985,1,1,0.9881,INFJ,INFJ
0,0,0.3847,1,1,0.6822,0,0,0.0068,1,0,0.4482,ENTJ,ENTP
1,1,0.7892,1,1,0.8026,1,1,0.9989,0,0,0.4146,INFP,INFP
0,0,0.43,1,1,0.5769,0,1,0.5974,0,0,0.4722,ENTP,ENFP
1,1,0.6228,0,0,0.4704,0,1,0.8738,1,1,0.5722,ISTJ,ISFJ
1,1,0.7324,1,1,0.7212,1,1,0.9592,1,1,0.8352,INFJ,INFJ
1,1,0.6639,1,1,0.782,0,0,0.19,1,1,0.649,INTJ,INTJ
0,1,0.6001,0,1,0.874,1,1,0.5753,1,1,0.5551,ESFJ,INFJ
1,1,0.56,1,1,0.6783,0,0,0.3096,0,0,0.2058,INTP,INTP
1,1,0.5745,1,1,0.6425,1,1,0.9804,0,0,0.3492,INFP,INFP
1,1,0.6826,1,1,0.9781,0,0,0.0009,0,0,0.1297,INTP,INTP
1,1,0.7428,1,1,0.8502,0,1,0.9275,0,0,0.2853,INTP,INFP
1,0,0.475,1,1,0.9783,0,0,0.0002,0,0,0.0396,INTP,ENTP
0,0,0.4418,1,1,0.6062,1,1,0.9967,1,0,0.4955,ENFJ,ENFP
0,0,0.3851,1,1,0.923,0,0,1e-04,0,0,0.2395,ENTP,ENTP
1,1,0.6572,1,1,0.9777,0,0,0.0051,0,0,0.0873,INTP,INTP
1,1,0.906,1,1,0.9799,1,1,0.9886,1,1,0.981,INFJ,INFJ
1,1,0.7863,1,1,0.8773,1,1,0.9982,1,1,0.626,INFJ,INFJ
1,1,0.8475,1,1,0.9966,0,0,0.0468,0,0,0.4372,INTP,INTP
0,1,0.6561,1,1,0.8729,1,1,0.9996,0,1,0.8937,ENFP,INFJ
1,1,0.6061,1,1,0.6651,1,0,0.2546,0,0,0.4291,INFP,INTP
1,1,0.7672,1,1,0.9035,0,0,0.1888,1,1,0.7133,INTJ,INTJ
1,1,0.5548,1,1,0.9137,0,0,0.0014,1,1,0.5442,INTJ,INTJ
0,1,0.5915,1,1,0.7405,1,1,0.9988,1,1,0.5241,ENFJ,INFJ
1,1,0.6653,1,0,0.3981,1,1,0.5532,1,0,0.4498,INFJ,ISFP
1,1,0.8072,1,1,0.9668,1,1,0.7573,0,0,0.059,INFP,INFP
1,1,0.7631,1,1,0.8856,0,0,0.0194,0,0,0.1987,INTP,INTP
1,1,0.7233,1,1,0.8477,1,1,0.9597,0,0,0.1656,INFP,INFP
1,1,0.5925,1,1,0.907,0,1,0.9276,0,0,0.3379,INTP,INFP
0,0,0.432,1,1,0.8594,0,0,0.0117,0,0,0.1341,ENTP,ENTP
1,0,0.4634,0,1,0.768,0,1,0.9998,1,0,0.4426,ISTJ,ENFP
1,1,0.8278,1,1,0.9158,1,1,0.9937,1,1,0.948,INFJ,INFJ
1,1,0.5831,1,1,0.7188,1,1,0.884,1,0,0.2502,INFJ,INFP
0,1,0.6727,1,1,0.718,1,1,0.9454,0,0,0.2365,ENFP,INFP
1,1,0.8948,1,1,0.7644,1,1,0.9922,0,0,0.3085,INFP,INFP
0,0,0.4881,1,1,0.5483,0,0,0.0302,0,0,0.3193,ENTP,ENTP
1,0,0.4501,1,1,0.6688,0,0,0.0265,1,0,0.4282,INTJ,ENTP
1,1,0.9464,1,1,0.9164,1,1,0.9998,0,1,0.5696,INFP,INFJ
1,1,0.6526,1,1,0.8249,0,0,0.0076,0,0,0.2821,INTP,INTP
1,1,0.5315,0,1,0.9081,0,0,0.0043,0,0,0.233,ISTP,INTP
1,1,0.7558,1,1,0.9671,0,0,0.0025,0,0,0.2913,INTP,INTP
1,1,0.777,1,1,0.8445,1,1,0.9942,1,1,0.7969,INFJ,INFJ
0,0,0.4406,1,1,0.7083,0,1,0.8608,1,1,0.545,ENTJ,ENFJ
1,0,0.4557,1,1,0.5832,0,0,0.0774,1,0,0.4064,INTJ,ENTP
0,0,0.2849,0,0,0.3059,1,1,0.692,0,0,0.3749,ESFP,ESFP
1,1,0.8339,1,1,0.7725,1,1,0.9999,0,0,0.0633,INFP,INFP
0,0,0.4678,1,1,0.5517,1,1,0.7511,0,0,0.2356,ENFP,ENFP
0,1,0.5466,1,1,0.7145,1,1,0.9878,0,1,0.6508,ENFP,INFJ
1,1,0.5994,1,1,0.5322,1,1,0.9118,1,1,0.5226,INFJ,INFJ
1,1,0.5331,1,1,0.8874,1,1,0.9012,1,0,0.0491,INFJ,INFP
1,1,0.7392,1,1,0.7565,0,1,0.9332,0,0,0.2819,INTP,INFP
1,1,0.6925,1,1,0.9637,0,0,0.0073,0,0,0.3292,INTP,INTP
1,0,0.3326,1,1,0.8012,0,0,0.0019,1,0,0.2723,INTJ,ENTP
0,1,0.6076,1,1,0.8661,1,0,0.0943,0,0,0.2139,ENFP,INTP
1,1,0.6752,1,1,0.6977,0,1,0.6519,1,1,0.6169,INTJ,INFJ
1,1,0.8257,1,1,0.8979,1,1,0.9826,1,1,0.5104,INFJ,INFJ
1,0,0.4108,1,1,0.6203,1,0,0.0181,0,1,0.5055,INFP,ENTJ
1,1,0.7236,1,1,0.9622,0,0,0.0011,0,0,0.051,INTP,INTP
1,1,0.8791,0,1,0.9235,1,1,0.8995,0,0,0.0544,ISFP,INFP
1,1,0.6934,0,1,0.831,1,1,0.9182,0,1,0.5968,ISFP,INFJ
1,1,0.824,1,1,0.9508,1,1,0.8984,1,1,0.895,INFJ,INFJ
1,1,0.5932,1,1,0.5779,1,1,0.9361,0,1,0.6967,INFP,INFJ
1,1,0.6936,0,1,0.7569,1,1,0.9105,1,1,0.6967,ISFJ,INFJ
1,1,0.5435,1,1,0.8374,0,0,0.0012,1,0,0.377,INTJ,INTP
1,1,0.8733,1,1,0.884,1,1,0.9999,0,0,0.0947,INFP,INFP
1,1,0.886,0,1,0.9669,1,1,1.0,1,1,0.5566,ISFJ,INFJ
0,1,0.7544,1,1,0.7955,0,1,0.8814,0,0,0.0993,ENTP,INFP
1,0,0.4597,1,1,0.7583,0,1,0.5312,1,1,0.5218,INTJ,ENFJ
1,1,0.6542,1,1,0.844,0,0,0.0669,0,0,0.3024,INTP,INTP
1,0,0.4888,0,1,0.6214,0,1,0.9884,1,1,0.6189,ISTJ,ENFJ
1,0,0.3351,0,0,0.369,1,1,0.7349,0,0,0.4391,ISFP,ESFP
1,1,0.963,1,1,0.9916,1,1,0.9968,1,1,0.9429,INFJ,INFJ
1,1,0.7504,0,1,0.9014,1,1,0.9998,1,0,0.4827,ISFJ,INFP
1,1,0.8612,1,1,0.9208,1,1,0.9915,0,0,0.2595,INFP,INFP
1,1,0.6213,1,1,0.5456,1,1,0.8512,0,0,0.1525,INFP,INFP
1,1,0.8732,1,1,0.8935,1,1,0.9922,0,0,0.4165,INFP,INFP
0,0,0.3629,1,0,0.3618,0,0,0.4433,0,0,0.4686,ENTP,ESTP
0,1,0.7843,1,1,0.887,1,1,0.9999,0,0,0.4079,ENFP,INFP
1,1,0.8552,1,1,0.9598,1,1,0.8715,1,1,0.5161,INFJ,INFJ
1,1,0.7266,1,1,0.8183,1,1,0.5034,1,1,0.6886,INFJ,INFJ
1,0,0.4068,0,1,0.5636,0,0,0.0677,0,0,0.164,ISTP,ENTP
0,1,0.6909,1,1,0.8801,0,0,0.117,1,1,0.6209,ENTJ,INTJ
1,1,0.641,1,1,0.8029,1,1,0.9946,1,0,0.4668,INFJ,INFP
1,1,0.5832,1,1,0.6505,1,1,0.9992,0,0,0.1873,INFP,INFP
1,1,0.6301,0,1,0.659,0,0,0.3781,0,0,0.4175,ISTP,INTP
0,1,0.5964,1,1,0.9058,1,0,0.108,0,0,0.3111,ENFP,INTP
1,1,0.6999,0,1,0.8465,1,1,1.0,0,0,0.3014,ISFP,INFP
1,1,0.9384,1,1,0.993,1,1,1.0,1,1,0.6196,INFJ,INFJ
1,1,0.7023,1,1,0.6447,0,0,0.4418,0,1,0.6319,INTP,INTJ
1,1,0.7013,1,1,0.889,1,1,0.9418,1,1,0.7766,INFJ,INFJ
1,1,0.5436,1,1,0.8311,1,1,0.9729,1,1,0.6218,INFJ,INFJ
1,0,0.2884,0,0,0.3394,0,1,0.8708,0,0,0.4352,ISTP,ESFP
1,1,0.7651,1,1,0.953,0,0,0.0013,0,0,0.2429,INTP,INTP
1,1,0.7651,1,1,0.8316,1,1,0.9841,1,1,0.7642,INFJ,INFJ
1,1,0.9204,1,1,0.947,1,1,0.9987,1,1,0.8288,INFJ,INFJ
1,1,0.8075,1,1,0.9288,1,1,0.9845,1,1,0.7999,INFJ,INFJ
1,1,0.9998,1,1,1.0,1,1,1.0,1,1,1.0,INFJ,INFJ
1,1,0.8963,1,1,0.9479,1,1,0.9988,1,1,0.5975,INFJ,INFJ
0,1,0.5676,1,0,0.4407,0,1,0.8018,1,1,0.6996,ENTJ,ISFJ
1,1,0.5037,1,1,0.7617,0,0,0.0031,1,0,0.4233,INTJ,INTP
1,1,0.7115,1,1,0.952,0,0,0.047,0,0,0.3144,INTP,INTP
1,1,0.6048,1,1,0.8024,1,1,0.9985,1,0,0.3489,INFJ,INFP
1,1,0.7894,1,1,0.9268,1,1,0.683,0,0,0.0964,INFP,INFP
1,1,0.6214,1,0,0.4874,1,1,0.657,0,0,0.3968,INFP,ISFP
1,1,0.9337,1,1,0.9363,1,1,0.9995,0,1,0.5021,INFP,INFJ
1,0,0.4206,0,0,0.2727,0,0,0.1317,1,1,0.8123,ISTJ,ESTJ
1,1,0.9124,1,1,0.9588,1,1,0.9999,0,1,0.8376,INFP,INFJ
1,1,0.6753,1,1,0.9859,0,0,1e-04,0,0,0.2828,INTP,INTP
1,0,0.4719,0,0,0.2982,0,0,0.3686,0,0,0.4741,ISTP,ESTP
1,1,0.649,0,1,0.8463,1,1,0.9964,0,1,0.726,ISFP,INFJ
1,1,0.6039,1,1,0.6489,1,1,0.9997,0,0,0.1367,INFP,INFP
1,1,0.7021,1,1,0.7598,0,0,0.047,0,0,0.1154,INTP,INTP
1,1,0.9425,1,1,0.7988,1,1,0.9992,1,0,0.181,INFJ,INFP
1,1,0.8511,1,1,0.9358,1,1,1.0,0,0,0.1676,INFP,INFP
1,1,0.882,0,1,0.9351,1,1,0.9985,0,0,0.3548,ISFP,INFP
0,1,0.5348,1,1,0.7698,1,1,1.0,0,0,0.1275,ENFP,INFP
1,1,0.8457,1,1,0.9167,0,1,0.9772,1,1,0.7103,INTJ,INFJ
1,1,0.911,1,1,0.9459,1,1,0.9999,0,0,0.4204,INFP,INFP
1,0,0.3912,1,1,0.7106,0,0,0.0087,0,0,0.3519,INTP,ENTP
1,1,0.8584,1,1,0.9902,0,0,0.3894,1,1,0.981,INTJ,INTJ
0,1,0.5665,1,0,0.4158,1,1,0.8972,0,0,0.2456,ENFP,ISFP
0,1,0.5976,0,1,0.5972,0,1,0.9829,0,0,0.34,ESTP,INFP
0,1,0.547,1,1,0.649,1,1,0.9483,0,1,0.9113,ENFP,INFJ
1,0,0.1957,1,0,0.4247,1,1,0.9952,1,0,0.2823,INFJ,ESFP
1,1,0.591,1,1,0.7815,0,1,0.6135,1,0,0.4261,INTJ,INFP
0,1,0.6217,1,1,0.9473,0,0,0.0186,0,0,0.0364,ENTP,INTP
1,1,0.7364,1,1,0.728,1,1,0.9474,0,0,0.3057,INFP,INFP
1,1,0.5681,1,0,0.4725,1,1,0.9757,0,0,0.2433,INFP,ISFP
1,1,0.5582,1,1,0.7884,0,0,0.0316,1,0,0.3475,INTJ,INTP
0,0,0.4081,1,1,0.5843,1,1,0.9746,0,1,0.5055,ENFP,ENFJ
1,1,0.9557,1,1,0.9932,1,1,1.0,1,1,0.9813,INFJ,INFJ
1,1,0.5644,1,1,0.7496,1,0,0.4352,0,0,0.4484,INFP,INTP
0,0,0.496,0,0,0.3927,0,0,0.1765,0,0,0.4165,ESTP,ESTP
0,0,0.3438,1,0,0.4318,0,0,0.0618,0,0,0.4082,ENTP,ESTP
0,1,0.6043,1,1,0.5326,1,1,0.9971,0,0,0.0901,ENFP,INFP
0,1,0.5549,1,1,0.7902,0,0,0.0127,1,0,0.4805,ENTJ,INTP
0,0,0.4541,1,1,0.8482,0,0,0.0044,0,0,0.1372,ENTP,ENTP
1,1,0.6374,1,1,0.69,1,1,0.9957,0,0,0.2341,INFP,INFP
1,1,0.761,1,1,0.8957,1,1,0.906,1,1,0.7928,INFJ,INFJ
1,1,0.61,1,1,0.64,1,1,0.9783,1,1,0.5176,INFJ,INFJ
1,0,0.4163,1,0,0.3621,1,1,0.5396,0,0,0.4769,INFP,ESFP
1,1,0.7283,1,1,0.8295,1,1,0.6377,1,1,0.6472,INFJ,INFJ
1,1,0.5962,1,1,0.743,1,0,0.3819,0,0,0.2173,INFP,INTP
1,1,0.6344,1,1,0.646,1,1,0.9922,0,1,0.5675,INFP,INFJ
1,0,0.4541,1,1,0.5079,1,0,0.397,1,0,0.4689,INFJ,ENTP
1,1,0.5528,1,1,0.6462,1,1,0.9939,1,0,0.4728,INFJ,INFP
1,1,0.9719,1,1,0.9887,1,1,0.9999,0,0,0.4067,INFP,INFP
1,0,0.4396,0,0,0.3237,0,0,0.3132,1,1,0.5643,ISTJ,ESTJ
1,0,0.2006,0,0,0.2334,0,1,0.6005,1,0,0.4909,ISTJ,ESFP
1,1,0.5612,1,1,0.6437,1,1,0.8452,0,1,0.6863,INFP,INFJ
1,1,0.5731,0,1,0.7065,1,0,0.2542,1,1,0.5879,ISFJ,INTJ
0,0,0.1947,1,1,0.6356,0,0,0.0022,0,0,0.3318,ENTP,ENTP
1,1,0.9557,1,1,0.9469,1,1,0.9999,0,0,0.3158,INFP,INFP
1,1,0.6731,1,1,0.7372,0,1,0.7614,0,1,0.6973,INTP,INFJ
1,1,0.6669,0,1,0.8264,1,1,0.9811,1,1,0.549,ISFJ,INFJ
1,1,0.6963,1,1,0.6241,1,1,0.9745,0,0,0.2344,INFP,INFP
1,1,0.631,1,1,0.8931,0,0,0.1933,1,0,0.393,INTJ,INTP
1,1,0.8496,1,1,0.895,1,1,1.0,1,0,0.4399,INFJ,INFP
1,1,0.706,1,1,0.8571,0,0,0.3084,0,0,0.1158,INTP,INTP
1,1,0.7677,1,1,0.843,0,1,0.9964,1,1,0.6322,INTJ,INFJ
1,1,0.5099,1,1,0.6855,1,1,0.9194,1,0,0.4097,INFJ,INFP
0,1,0.6764,1,1,0.7846,1,1,0.7818,1,0,0.4301,ENFJ,INFP
1,1,0.8929,1,1,0.9329,1,1,0.9999,0,1,0.631,INFP,INFJ
1,1,0.8854,1,1,0.9729,0,0,0.4419,1,1,0.7555,INTJ,INTJ
0,1,0.5491,1,1,0.9486,0,0,0.0006,0,1,0.5719,ENTP,INTJ
1,1,0.5055,0,1,0.5383,0,1,0.6747,0,0,0.4574,ISTP,INFP
1,1,0.7879,1,1,0.9867,1,0,0.403,1,1,0.9225,INFJ,INTJ
1,1,0.8512,1,1,0.9529,1,1,0.9998,1,1,0.9452,INFJ,INFJ
1,1,0.8711,1,1,0.9081,1,1,1.0,0,0,0.2921,INFP,INFP
1,1,0.5266,0,1,0.7332,1,1,0.9391,1,0,0.4481,ISFJ,INFP
1,1,0.5422,1,1,0.5626,0,1,0.7454,1,0,0.3922,INTJ,INFP
1,0,0.4634,1,1,0.5576,1,1,0.8937,1,1,0.5984,INFJ,ENFJ
1,1,0.5237,1,1,0.6706,0,0,0.0521,1,1,0.6438,INTJ,INTJ
1,1,0.7547,1,1,0.671,0,1,0.6181,0,1,0.6157,INTP,INFJ
1,1,0.582,0,1,0.724,1,1,0.876,0,0,0.4464,ISFP,INFP
0,1,0.7273,1,1,0.9684,0,0,0.0008,1,1,0.7979,ENTJ,INTJ
1,1,0.5971,1,1,0.5046,0,0,0.1286,0,0,0.34,INTP,INTP
1,1,0.6956,1,1,0.8615,0,0,0.1007,0,0,0.3286,INTP,INTP
0,0,0.4466,0,0,0.4938,1,0,0.3082,0,1,0.5563,ESFP,ESTJ
1,1,0.5509,0,0,0.4983,0,0,0.1613,1,1,0.642,ISTJ,ISTJ
0,0,0.4742,1,1,0.6103,0,0,0.2496,0,0,0.4531,ENTP,ENTP
1,1,0.535,1,1,0.5127,0,0,0.3471,1,1,0.6053,INTJ,INTJ
1,1,0.7813,1,1,0.8678,0,1,0.542,1,0,0.2583,INTJ,INFP
1,1,0.6993,1,1,0.8454,0,0,0.2095,1,1,0.733,INTJ,INTJ
1,1,0.7089,1,1,0.8257,1,1,0.9337,1,1,0.7732,INFJ,INFJ
1,1,0.8356,1,1,0.935,1,1,0.9786,1,1,0.816,INFJ,INFJ
0,1,0.5586,1,1,0.7491,0,0,0.0616,1,0,0.3677,ENTJ,INTP
1,0,0.4836,1,0,0.496,0,0,0.0756,1,1,0.8436,INTJ,ESTJ
1,1,0.7228,1,1,0.8396,1,0,0.4332,1,1,0.5679,INFJ,INTJ
1,1,0.6546,1,1,0.9826,0,0,0.0007,0,0,0.1257,INTP,INTP
1,1,0.719,1,1,0.9544,0,0,0.0411,0,0,0.4268,INTP,INTP
1,1,0.6442,1,1,0.8422,1,1,0.9994,1,1,0.7439,INFJ,INFJ
0,1,0.6539,1,1,0.6691,1,1,0.9544,0,0,0.4954,ENFP,INFP
1,1,0.5795,1,1,0.7443,0,0,0.2473,1,0,0.3746,INTJ,INTP
1,1,0.9199,1,1,0.9686,1,1,0.9996,0,0,0.2642,INFP,INFP
0,1,0.5296,0,0,0.3553,1,0,0.4027,0,1,0.6059,ESFP,ISTJ
0,0,0.4227,1,1,0.7085,0,1,0.9737,0,0,0.123,ENTP,ENFP
0,1,0.5392,1,1,0.9306,0,0,0.0035,0,0,0.0887,ENTP,INTP
1,1,0.6171,1,1,0.8772,0,0,0.0052,1,1,0.5545,INTJ,INTJ
1,1,0.7112,1,1,0.94,0,0,0.0024,0,0,0.2275,INTP,INTP
1,1,0.5836,0,1,0.7447,0,1,0.5344,0,0,0.343,ISTP,INFP
0,0,0.3662,1,1,0.6326,1,1,0.9913,0,0,0.4626,ENFP,ENFP
0,1,0.5438,1,1,0.8676,0,0,0.0192,1,1,0.5509,ENTJ,INTJ
1,0,0.2987,1,1,0.6262,0,1,0.9729,0,0,0.2449,INTP,ENFP
1,1,0.8393,1,1,0.8189,1,1,0.859,0,0,0.2926,INFP,INFP
1,0,0.4156,1,1,0.5495,1,1,0.9099,0,1,0.9126,INFP,ENFJ
1,1,0.712,1,1,0.6298,1,1,0.9628,0,0,0.3549,INFP,INFP
1,1,0.8256,1,1,0.803,1,1,0.9597,0,0,0.4086,INFP,INFP
1,1,0.881,1,1,0.9172,1,1,0.9999,0,0,0.3236,INFP,INFP
1,1,0.6514,1,1,0.8029,0,0,0.0967,1,1,0.6429,INTJ,INTJ
0,1,0.6563,1,1,0.8046,1,1,0.9992,1,0,0.4443,ENFJ,INFP
1,1,0.8055,1,1,0.908,0,0,0.3648,1,1,0.7213,INTJ,INTJ
1,1,0.8439,1,1,0.8526,1,1,0.9963,1,1,0.6923,INFJ,INFJ
1,1,0.73,1,1,0.7553,1,1,0.9019,1,1,0.8155,INFJ,INFJ
1,0,0.4737,1,1,0.7666,0,0,0.0307,0,0,0.2568,INTP,ENTP
1,1,0.7218,1,1,0.9433,0,0,0.0137,0,0,0.2168,INTP,INTP
1,0,0.4019,1,1,0.8759,0,0,0.0935,0,0,0.0708,INTP,ENTP
1,0,0.4713,1,0,0.4723,0,1,0.6344,0,0,0.268,INTP,ESFP
0,0,0.349,1,1,0.8341,0,0,0.0207,0,0,0.0618,ENTP,ENTP
1,0,0.4958,0,1,0.5905,1,1,0.5399,0,1,0.5146,ISFP,ENFJ
1,1,0.5392,1,1,0.6773,0,0,0.021,1,1,0.6325,INTJ,INTJ
1,0,0.1649,1,1,0.983,1,0,0.0014,1,0,0.0111,INFJ,ENTP
1,1,0.5653,0,1,0.5052,0,0,0.3981,0,0,0.4059,ISTP,INTP
0,0,0.3826,1,0,0.4654,1,0,0.1807,0,0,0.3656,ENFP,ESTP
1,1,0.5909,1,1,0.5375,1,0,0.4762,0,1,0.7797,INFP,INTJ
0,0,0.3081,0,1,0.5801,0,0,0.0183,0,0,0.4457,ESTP,ENTP
0,0,0.3786,1,1,0.5609,0,0,0.4588,0,1,0.5633,ENTP,ENTJ
0,0,0.4246,0,0,0.3759,0,0,0.4266,0,1,0.5907,ESTP,ESTJ
1,1,0.7347,1,1,0.9487,0,0,0.0452,1,1,0.6723,INTJ,INTJ
1,0,0.2351,1,0,0.2733,0,1,0.6079,1,1,0.6505,INTJ,ESFJ
1,1,0.998,1,1,0.9999,1,1,1.0,1,1,0.9999,INFJ,INFJ
1,0,0.4553,1,1,0.7904,0,0,0.0451,0,0,0.2116,INTP,ENTP
1,0,0.1944,1,1,0.5888,1,0,0.2071,0,0,0.4651,INFP,ENTP
1,1,0.6133,1,1,0.798,1,1,0.9992,1,0,0.4483,INFJ,INFP
1,0,0.4102,0,0,0.4383,1,1,0.6664,1,0,0.4413,ISFJ,ESFP
0,1,0.5417,1,1,0.706,1,1,0.9992,0,0,0.3801,ENFP,INFP
1,1,0.5936,1,1,0.9845,0,0,0.0002,0,1,0.513,INTP,INTJ
1,1,0.7101,1,1,0.9774,0,0,0.0045,0,0,0.0965,INTP,INTP
1,0,0.3178,1,0,0.4438,0,0,0.1415,1,1,0.7351,INTJ,ESTJ
1,1,0.5448,1,1,0.7396,1,1,0.9259,0,0,0.2913,INFP,INFP
1,1,0.995,1,1,0.9987,1,1,1.0,1,1,0.9248,INFJ,INFJ
0,0,0.3145,1,0,0.3974,1,0,0.3035,0,1,0.5939,ENFP,ESTJ
0,0,0.3529,1,1,0.5162,1,1,0.9826,0,0,0.4641,ENFP,ENFP
0,1,0.6043,1,1,0.8282,1,0,0.1235,0,0,0.3991,ENFP,INTP
1,1,0.5217,0,1,0.8739,0,0,0.0494,0,0,0.3096,ISTP,INTP
1,1,0.8399,0,1,0.856,0,1,0.9982,1,1,0.5356,ISTJ,INFJ
1,1,0.696,1,1,0.923,1,1,0.9802,0,0,0.138,INFP,INFP
1,1,0.7048,1,1,0.8106,0,1,0.8296,1,1,0.6169,INTJ,INFJ
0,0,0.3531,1,1,0.6456,1,0,0.3855,0,0,0.3318,ENFP,ENTP
1,0,0.4942,1,0,0.4641,0,1,0.8764,0,0,0.4264,INTP,ESFP
1,0,0.4957,1,1,0.5703,1,1,0.6246,1,0,0.4263,INFJ,ENFP
1,0,0.4877,1,0,0.4919,0,0,0.409,1,1,0.7394,INTJ,ESTJ
1,1,0.5349,0,0,0.3988,0,1,0.7638,1,0,0.3003,ISTJ,ISFP
0,1,0.711,1,1,0.7644,1,1,0.9985,0,1,0.5288,ENFP,INFJ
1,1,0.635,1,1,0.9783,0,0,0.0018,0,1,0.7214,INTP,INTJ
1,1,0.9906,1,1,0.9955,1,1,1.0,0,1,0.6231,INFP,INFJ
1,0,0.3876,1,1,0.5532,0,1,0.8206,1,0,0.2883,INTJ,ENFP
0,0,0.4827,1,1,0.7797,0,0,0.0658,0,0,0.1268,ENTP,ENTP
1,1,0.6237,1,1,0.7553,0,0,0.2342,1,1,0.8105,INTJ,INTJ
1,1,0.7615,1,1,0.7876,0,1,0.5261,0,0,0.4519,INTP,INFP
0,0,0.3324,1,1,0.9173,0,0,0.0004,0,0,0.2427,ENTP,ENTP
1,1,0.7715,1,1,0.9007,1,1,0.9996,1,1,0.8678,INFJ,INFJ
0,0,0.2258,1,0,0.3853,1,1,0.8989,0,0,0.2464,ENFP,ESFP
1,0,0.4834,1,1,0.5183,0,1,0.627,1,1,0.6347,INTJ,ENFJ
1,1,0.8085,1,1,0.9303,1,1,0.795,1,1,0.7413,INFJ,INFJ
1,0,0.4984,0,0,0.4727,0,1,0.7673,1,1,0.554,ISTJ,ESFJ
1,1,0.9297,1,1,0.9686,1,1,0.9998,1,1,0.9155,INFJ,INFJ
1,1,0.536,1,1,0.7558,0,0,0.052,0,0,0.3162,INTP,INTP
1,1,0.5174,1,1,0.8001,1,1,0.8267,0,0,0.3304,INFP,INFP
1,1,0.6733,1,1,0.8252,1,1,0.9956,1,1,0.7753,INFJ,INFJ
0,1,0.6047,1,1,0.671,0,1,0.9604,0,0,0.4506,ENTP,INFP
0,1,0.5814,1,1,0.8579,0,1,0.9801,0,0,0.0506,ENTP,INFP
0,0,0.2489,1,0,0.3982,0,0,0.4157,0,0,0.4025,ENTP,ESTP
1,1,0.5639,1,1,0.8114,1,1,1.0,0,0,0.3198,INFP,INFP
1,1,0.732,1,1,0.7149,1,1,0.8621,0,1,0.5197,INFP,INFJ
1,1,0.7246,1,1,0.7445,1,1,0.9981,1,0,0.248,INFJ,INFP
1,1,0.772,1,1,0.8778,0,0,0.3681,0,0,0.1965,INTP,INTP
0,1,0.7612,1,1,0.8581,1,1,0.9988,1,1,0.6486,ENFJ,INFJ
1,1,0.8935,1,1,0.9112,1,1,0.9981,1,1,0.5921,INFJ,INFJ
1,1,0.8393,1,1,0.9275,1,1,1.0,0,0,0.2379,INFP,INFP
1,0,0.4842,1,1,0.5176,0,0,0.3128,1,1,0.6943,INTJ,ENTJ
1,1,0.5205,1,1,0.992,0,0,0.0,0,0,0.018,INTP,INTP
1,0,0.3851,1,1,0.8806,0,0,0.0004,1,0,0.2775,INTJ,ENTP
1,0,0.3256,0,0,0.288,0,1,0.6955,1,1,0.5924,ISTJ,ESFJ
0,0,0.3233,1,0,0.3968,1,1,0.7465,1,0,0.2397,ENFJ,ESFP
1,0,0.4939,1,0,0.4707,1,1,0.9808,0,0,0.3797,INFP,ESFP
1,1,0.7564,1,1,0.7598,1,1,0.9212,1,1,0.554,INFJ,INFJ
1,1,0.6823,1,1,0.8468,0,0,0.1039,1,0,0.415,INTJ,INTP
0,1,0.5342,1,1,0.6291,1,1,0.9952,0,0,0.1726,ENFP,INFP
1,1,0.6819,1,1,0.7832,1,1,0.9977,1,1,0.5957,INFJ,INFJ
1,1,0.8832,1,1,0.9546,1,1,0.9999,0,1,0.6158,INFP,INFJ
1,0,0.3652,1,1,0.5318,0,0,0.4976,1,0,0.4314,INTJ,ENTP
1,1,0.5233,1,1,0.8103,0,0,0.2453,1,0,0.281,INTJ,INTP
1,1,0.7549,1,1,0.6713,1,1,0.9479,0,0,0.263,INFP,INFP
1,1,0.9091,1,1,0.9333,1,1,0.9271,0,0,0.273,INFP,INFP
0,0,0.3242,1,1,0.9229,0,0,0.0024,0,0,0.0378,ENTP,ENTP
1,1,0.7969,1,1,0.9076,1,1,0.9997,0,0,0.3073,INFP,INFP
1,1,0.6582,1,1,0.8085,0,0,0.0108,0,0,0.2473,INTP,INTP
1,1,0.6378,1,1,0.8239,0,1,0.7988,0,0,0.2744,INTP,INFP
1,1,0.959,1,1,0.9591,1,1,0.9997,0,0,0.2195,INFP,INFP
0,0,0.2119,1,0,0.4358,1,1,0.982,0,0,0.2496,ENFP,ESFP
0,1,0.6592,1,1,0.6367,0,0,0.3111,0,0,0.3286,ENTP,INTP
0,0,0.3962,1,1,0.7907,0,0,0.2883,1,0,0.0628,ENTJ,ENTP
1,1,0.8595,1,1,0.7086,1,1,0.9959,0,0,0.1009,INFP,INFP
1,1,0.6842,1,1,0.8941,0,1,0.6598,0,0,0.1711,INTP,INFP
0,1,0.5631,1,1,0.6976,0,0,0.1823,0,0,0.4707,ENTP,INTP
1,1,0.6702,1,1,0.8364,1,1,0.9681,0,0,0.2187,INFP,INFP
1,1,0.9855,1,1,0.9422,1,1,1.0,0,0,0.0873,INFP,INFP
1,1,0.7452,1,1,0.6475,1,1,0.7409,1,0,0.2282,INFJ,INFP
1,1,0.7684,1,1,0.9683,0,0,0.2852,0,1,0.7149,INTP,INTJ
1,1,0.6276,1,1,0.9219,0,0,0.2924,1,1,0.6748,INTJ,INTJ
1,1,0.5181,1,1,0.7701,0,0,0.1344,0,0,0.1387,INTP,INTP
1,1,0.6596,1,0,0.3864,0,1,0.5873,0,0,0.396,INTP,ISFP
0,1,0.5463,1,1,0.7883,0,0,0.1036,0,1,0.6703,ENTP,INTJ
1,0,0.447,1,1,0.5551,1,1,0.9562,0,0,0.1775,INFP,ENFP
1,1,0.7712,1,1,0.8036,1,1,0.9998,0,0,0.2874,INFP,INFP
1,0,0.4977,0,0,0.3054,0,0,0.2798,0,1,0.5154,ISTP,ESTJ
1,1,0.5456,1,1,0.8693,0,0,0.014,0,0,0.2924,INTP,INTP
1,1,0.6472,0,1,0.5663,0,0,0.1037,0,0,0.3486,ISTP,INTP
1,1,0.6178,1,1,0.7463,0,0,0.0014,1,0,0.3355,INTJ,INTP
1,0,0.4337,1,1,0.7659,0,0,0.0358,0,0,0.1945,INTP,ENTP
1,1,0.9713,1,1,0.9928,1,1,1.0,1,1,0.8711,INFJ,INFJ
1,1,0.9527,1,1,0.9938,1,1,0.9907,1,1,0.9755,INFJ,INFJ
1,1,0.5798,1,1,0.5409,0,0,0.0959,1,1,0.5258,INTJ,INTJ
1,0,0.3865,1,1,0.7976,1,1,0.9363,1,1,0.7287,INFJ,ENFJ
1,0,0.3391,1,1,0.7693,1,0,0.0426,0,0,0.126,INFP,ENTP
1,1,0.7202,1,1,0.8148,1,0,0.4825,0,0,0.094,INFP,INTP
1,1,0.6297,1,1,0.8471,0,0,0.0103,0,0,0.404,INTP,INTP
1,0,0.4226,1,0,0.4962,1,0,0.1466,0,0,0.1962,INFP,ESTP
1,1,0.7064,1,1,0.8697,0,0,0.1365,0,0,0.1301,INTP,INTP
1,0,0.3208,0,1,0.5333,0,0,0.2369,0,0,0.3646,ISTP,ENTP
0,1,0.8862,1,1,0.8725,1,1,0.9957,1,1,0.6245,ENFJ,INFJ
1,1,0.5708,1,1,0.8729,0,0,0.0506,0,0,0.1089,INTP,INTP
1,1,0.7793,1,1,0.8322,0,1,0.9352,1,1,0.88,INTJ,INFJ
1,1,0.6054,1,1,0.8689,1,0,0.0337,0,0,0.4408,INFP,INTP
1,0,0.4287,1,0,0.4567,1,1,0.8648,0,0,0.312,INFP,ESFP
1,1,0.5997,1,1,0.7222,1,1,0.9615,1,0,0.3911,INFJ,INFP
1,1,0.6207,1,1,0.9557,0,0,0.0015,0,0,0.0642,INTP,INTP
1,1,0.8305,1,1,0.9973,1,0,0.0016,1,0,0.2842,INFJ,INTP
1,1,0.9466,1,1,0.9151,1,1,1.0,0,0,0.0378,INFP,INFP
0,1,0.5405,1,1,0.8385,1,0,0.0792,0,0,0.2077,ENFP,INTP
1,1,0.7715,1,1,0.8721,1,1,0.9989,1,0,0.3207,INFJ,INFP
1,1,0.7725,1,1,0.9388,0,1,0.7815,1,1,0.8285,INTJ,INFJ
1,0,0.4006,1,1,0.5545,1,0,0.2411,0,1,0.7703,INFP,ENTJ
1,0,0.4162,1,1,0.6946,0,0,0.0319,1,1,0.5989,INTJ,ENTJ
1,1,0.57,1,1,0.9552,0,0,0.0004,0,0,0.3489,INTP,INTP
1,1,0.6699,0,1,0.597,0,1,0.968,1,0,0.4888,ISTJ,INFP
0,1,0.7185,1,1,0.7937,1,1,0.999,0,0,0.4446,ENFP,INFP
1,1,0.5072,0,0,0.4997,0,1,0.5696,0,0,0.2299,ISTP,ISFP
1,1,0.6738,1,1,0.926,0,0,0.0073,0,0,0.2485,INTP,INTP
0,1,0.7287,1,1,0.8226,0,0,0.2861,0,0,0.468,ENTP,INTP
1,1,0.7589,1,1,0.7878,1,1,0.8001,0,0,0.4621,INFP,INFP
1,0,0.3655,1,0,0.4065,1,0,0.2334,1,0,0.4778,INFJ,ESTP
1,1,0.5162,0,1,0.55,1,1,0.947,1,1,0.5681,ISFJ,INFJ
1,0,0.4663,0,1,0.6759,0,0,0.0262,0,0,0.1909,ISTP,ENTP
1,1,0.6273,1,1,0.8337,0,0,0.1527,0,0,0.2415,INTP,INTP
1,1,0.8794,1,1,0.9017,1,1,0.9967,1,1,0.5642,INFJ,INFJ
1,1,0.7626,1,1,0.9057,0,0,0.3699,1,1,0.6655,INTJ,INTJ
1,0,0.4642,1,1,0.5256,0,0,0.2438,0,0,0.358,INTP,ENTP
1,1,0.8146,1,1,0.7915,1,1,0.889,0,0,0.3117,INFP,INFP
1,0,0.3766,1,1,0.627,1,1,0.5609,1,0,0.3349,INFJ,ENFP
1,1,0.5713,1,1,0.8264,0,0,0.0148,0,0,0.4682,INTP,INTP
1,0,0.4523,1,1,0.5815,0,0,0.4401,1,1,0.784,INTJ,ENTJ
1,1,0.8989,1,1,0.7845,1,1,1.0,0,0,0.0258,INFP,INFP
1,1,0.7661,1,1,0.6954,1,1,0.9443,0,0,0.4831,INFP,INFP
1,1,0.6818,1,1,0.8929,0,0,0.209,1,0,0.3112,INTJ,INTP
0,0,0.4091,1,1,0.7846,0,0,0.372,0,0,0.1976,ENTP,ENTP
0,1,0.6769,1,1,0.7598,1,1,0.9884,1,1,0.7578,ENFJ,INFJ
1,1,0.5219,1,1,0.5915,0,0,0.1515,1,1,0.8209,INTJ,INTJ
1,0,0.4868,1,1,0.5543,1,1,0.9686,1,0,0.4545,INFJ,ENFP
1,1,0.6352,0,1,0.7909,1,1,0.9791,1,1,0.6286,ISFJ,INFJ
1,1,0.6898,1,1,0.9763,0,0,0.0003,1,0,0.2845,INTJ,INTP
1,1,0.7197,1,1,0.9094,1,1,0.8942,1,1,0.7148,INFJ,INFJ
1,1,0.6333,1,1,0.8337,1,0,0.0141,1,1,0.759,INFJ,INTJ
0,0,0.377,1,1,0.5905,0,0,0.0448,1,1,0.8329,ENTJ,ENTJ
0,1,0.5132,1,1,0.8264,0,0,0.0388,0,0,0.2241,ENTP,INTP
0,0,0.3751,1,1,0.7166,0,0,0.0051,0,0,0.325,ENTP,ENTP
1,1,0.7052,1,1,0.9887,0,0,1e-04,0,0,0.1985,INTP,INTP
0,0,0.3424,1,1,0.6002,0,0,0.0273,0,0,0.4949,ENTP,ENTP
1,1,0.5533,1,1,0.9417,0,0,0.0003,0,0,0.0652,INTP,INTP
1,1,0.6,1,1,0.7452,0,0,0.0187,0,0,0.4586,INTP,INTP
1,1,0.6851,1,1,0.8307,1,1,0.9981,0,0,0.0396,INFP,INFP
1,1,0.784,1,1,0.7489,1,1,0.9653,0,1,0.7837,INFP,INFJ
0,0,0.1913,1,0,0.3453,1,1,0.9704,0,0,0.2214,ENFP,ESFP
1,1,0.5592,1,1,0.6998,1,1,0.9968,0,0,0.2183,INFP,INFP
1,1,0.5734,1,1,0.6146,0,0,0.3419,1,1,0.7121,INTJ,INTJ
1,1,0.5472,1,1,0.8309,1,0,0.1444,1,0,0.3886,INFJ,INTP
1,1,0.8704,1,1,0.9619,1,1,0.9705,1,1,0.6978,INFJ,INFJ
1,1,0.7727,1,1,0.8901,1,1,0.9969,0,0,0.2906,INFP,INFP
1,1,0.7266,1,1,0.8862,1,1,0.6763,1,0,0.3321,INFJ,INFP
0,1,0.7031,1,1,0.6506,0,0,0.3109,1,1,0.9366,ENTJ,INTJ
1,1,0.5624,1,1,0.8621,0,1,0.5001,0,0,0.2901,INTP,INFP
1,1,0.5724,0,1,0.6,0,0,0.2819,0,0,0.4402,ISTP,INTP
1,0,0.4634,1,1,0.7571,0,0,0.1871,1,1,0.8743,INTJ,ENTJ
0,0,0.4637,1,1,0.8916,1,1,0.572,1,0,0.2157,ENFJ,ENFP
1,0,0.4151,1,1,0.5567,1,1,0.9718,0,1,0.5393,INFP,ENFJ
1,1,0.6954,1,1,0.8061,0,0,0.4183,0,0,0.3535,INTP,INTP
1,1,0.8041,1,1,0.8718,1,1,0.999,0,0,0.3364,INFP,INFP
1,1,0.606,1,1,0.6357,1,1,0.9507,0,0,0.4562,INFP,INFP
1,1,0.8309,1,1,0.968,0,0,0.0172,0,1,0.5349,INTP,INTJ
0,1,0.7848,1,1,0.7538,1,1,0.9934,0,1,0.5607,ENFP,INFJ
1,1,0.7902,1,1,0.7656,1,1,0.9941,0,0,0.0218,INFP,INFP
1,0,0.4634,1,1,0.6861,0,0,0.0593,1,1,0.5086,INTJ,ENTJ
0,1,0.5661,1,1,0.851,1,0,0.1484,1,1,0.8891,ENFJ,INTJ
1,1,0.5256,1,1,0.5814,1,1,0.8328,0,0,0.0811,INFP,INFP
0,0,0.4885,1,1,0.603,0,0,0.0306,0,0,0.3522,ENTP,ENTP
0,1,0.5455,1,1,0.6173,1,1,0.9873,1,0,0.3405,ENFJ,INFP
1,1,0.7383,1,1,0.8613,1,1,1.0,0,0,0.2197,INFP,INFP
0,1,0.6023,0,1,0.9101,1,1,0.6528,1,0,0.1649,ESFJ,INFP
1,1,0.7229,0,1,0.5401,0,0,0.2511,0,0,0.2823,ISTP,INTP
0,1,0.7971,1,1,0.8882,0,1,0.9546,0,0,0.1737,ENTP,INFP
1,1,0.9131,1,1,0.9663,1,1,0.9999,1,1,0.8482,INFJ,INFJ
1,1,0.6428,1,1,0.6999,1,0,0.2617,0,1,0.5284,INFP,INTJ
1,1,0.5864,0,1,0.664,0,1,0.9409,0,0,0.4202,ISTP,INFP
1,0,0.3503,1,0,0.3835,0,0,0.3526,1,1,0.5093,INTJ,ESTJ
1,0,0.4336,1,1,0.7783,0,0,0.0275,0,0,0.269,INTP,ENTP
1,1,0.8659,1,1,0.9726,1,1,0.9973,1,1,0.8182,INFJ,INFJ
1,0,0.3476,0,1,0.6056,1,1,0.9991,1,0,0.2442,ISFJ,ENFP
0,0,0.287,0,0,0.219,0,0,0.0372,1,1,0.8331,ESTJ,ESTJ
1,1,0.7498,1,1,0.7093,1,1,0.9885,0,0,0.3842,INFP,INFP
1,1,0.7402,1,1,0.9219,0,0,0.0398,1,0,0.2689,INTJ,INTP
1,1,0.9323,0,1,0.8808,1,1,0.9997,0,0,0.4447,ISFP,INFP
0,0,0.3234,1,1,0.5951,1,0,0.0195,1,1,0.5834,ENFJ,ENTJ
1,1,0.7472,1,1,0.9672,0,0,0.0211,1,1,0.5562,INTJ,INTJ
0,1,0.5286,0,0,0.4202,0,1,0.7516,0,0,0.3944,ESTP,ISFP
1,1,0.6512,1,1,0.6444,1,1,0.9944,1,0,0.2853,INFJ,INFP
1,1,0.6453,0,1,0.6739,1,1,0.9972,0,0,0.3075,ISFP,INFP
1,1,0.7686,1,1,0.6828,1,1,0.9561,0,0,0.1307,INFP,INFP
1,1,0.8019,1,1,0.97,0,0,0.4304,0,0,0.0412,INTP,INTP
1,1,0.634,1,1,0.7439,1,0,0.181,0,1,0.505,INFP,INTJ
0,1,0.562,1,1,0.8378,0,0,0.1484,0,1,0.5603,ENTP,INTJ
1,0,0.4578,1,1,0.6199,0,1,0.972,0,1,0.5499,INTP,ENFJ
1,1,0.7748,1,1,0.9806,1,1,0.9978,1,1,0.9352,INFJ,INFJ
1,0,0.4523,0,1,0.5922,1,1,0.9983,1,1,0.5131,ISFJ,ENFJ
1,1,0.5967,1,1,0.5136,0,0,0.3747,0,1,0.629,INTP,INTJ
0,1,0.9107,1,1,0.9656,1,1,1.0,1,1,0.8118,ENFJ,INFJ
1,1,0.8675,1,1,0.956,1,1,0.9949,1,1,0.832,INFJ,INFJ
1,1,0.5523,1,1,0.7183,0,0,0.074,1,0,0.4381,INTJ,INTP
1,1,0.8622,1,1,0.9653,0,1,0.9999,1,1,0.799,INTJ,INFJ
0,1,0.5751,0,1,0.848,0,1,0.5982,1,0,0.4105,ESTJ,INFP
1,1,0.7644,1,1,0.6985,1,1,0.9997,0,0,0.086,INFP,INFP
1,1,0.8667,0,1,0.9219,0,1,1.0,0,1,0.5389,ISTP,INFJ
1,1,0.7142,0,1,0.7254,1,1,0.9847,1,0,0.2435,ISFJ,INFP
1,1,0.809,1,1,0.9787,0,0,0.0035,1,1,0.5884,INTJ,INTJ
0,1,0.56,0,1,0.851,0,1,0.7183,0,1,0.675,ESTP,INFJ
1,1,0.7273,1,1,0.7907,1,1,0.9549,0,0,0.3821,INFP,INFP
1,1,0.5303,1,1,0.671,0,0,0.0197,0,0,0.2066,INTP,INTP
1,1,0.5765,1,1,0.6745,0,0,0.0097,1,0,0.425,INTJ,INTP
1,1,0.8078,1,1,0.7748,1,1,0.999,0,0,0.2453,INFP,INFP
1,0,0.4166,0,0,0.4683,0,1,0.8182,0,0,0.4154,ISTP,ESFP
0,1,0.6237,1,0,0.4013,1,0,0.3234,0,0,0.4085,ENFP,ISTP
1,0,0.4999,1,1,0.5821,1,1,0.6617,1,0,0.2929,INFJ,ENFP
1,1,0.6966,1,1,0.8656,0,1,0.6298,0,0,0.2736,INTP,INFP
1,1,0.5302,1,1,0.6313,1,1,0.9988,1,0,0.2709,INFJ,INFP
0,0,0.4138,1,1,0.8126,0,0,0.1948,0,0,0.0712,ENTP,ENTP
1,1,0.821,1,1,0.8595,1,0,0.3394,0,0,0.3084,INFP,INTP
1,1,0.8173,1,1,0.8468,1,1,0.9988,1,0,0.4582,INFJ,INFP
0,1,0.6921,1,1,0.7909,1,1,0.8056,1,0,0.2785,ENFJ,INFP
0,0,0.4893,1,1,0.8376,0,0,0.0477,0,1,0.6214,ENTP,ENTJ
1,1,0.6463,1,1,0.9312,0,0,0.0014,0,0,0.4052,INTP,INTP
1,1,0.5199,0,1,0.7897,0,0,0.2157,0,0,0.2139,ISTP,INTP
1,1,0.6666,0,1,0.767,1,1,0.8448,1,0,0.3995,ISFJ,INFP
1,0,0.3385,0,0,0.3189,0,0,0.1961,1,1,0.6276,ISTJ,ESTJ
1,1,0.6491,1,1,0.9686,0,0,0.0002,0,0,0.204,INTP,INTP
0,0,0.3834,1,1,0.5493,0,0,0.0042,0,1,0.5987,ENTP,ENTJ
1,0,0.4479,1,1,0.6587,0,0,0.0072,0,0,0.1968,INTP,ENTP
1,1,0.5245,1,1,0.8606,0,0,0.2694,0,1,0.5174,INTP,INTJ
1,1,0.6989,0,1,0.7727,1,1,0.9699,0,0,0.4654,ISFP,INFP
1,1,0.7698,1,1,0.7482,0,0,0.0896,0,0,0.3099,INTP,INTP
0,0,0.2815,0,0,0.3222,0,0,0.1738,0,1,0.6397,ESTP,ESTJ
1,1,0.6382,1,1,0.5802,1,1,0.6179,0,0,0.2526,INFP,INFP
1,1,0.601,1,1,0.7941,0,0,0.0895,0,0,0.274,INTP,INTP
1,1,0.6941,1,1,0.956,0,0,0.0022,0,0,0.2185,INTP,INTP
0,1,0.5832,0,1,0.7574,0,0,0.0492,1,0,0.448,ESTJ,INTP
1,1,0.6825,1,1,0.6462,1,1,0.5479,0,1,0.5137,INFP,INFJ
1,1,0.7156,1,1,0.8094,1,1,0.9998,0,0,0.3618,INFP,INFP
1,0,0.4783,0,0,0.4326,0,0,0.0366,0,0,0.4388,ISTP,ESTP
1,1,0.6944,1,1,0.8581,1,1,0.9797,1,0,0.4611,INFJ,INFP
1,1,0.7339,1,1,0.9869,0,0,0.0003,0,0,0.0444,INTP,INTP
1,1,0.5968,1,0,0.463,1,1,0.5542,1,0,0.2704,INFJ,ISFP
1,0,0.4621,1,1,0.7255,1,1,0.628,0,0,0.18,INFP,ENFP
1,1,0.7012,1,1,0.7686,0,1,0.7582,0,0,0.2316,INTP,INFP
0,1,0.7411,1,1,0.9132,1,1,0.9993,1,1,0.939,ENFJ,INFJ
0,1,0.6975,1,1,0.8587,0,0,0.4979,0,0,0.2763,ENTP,INTP
1,1,0.7111,1,1,0.7419,1,1,0.8641,1,0,0.4764,INFJ,INFP
1,1,0.626,0,1,0.6723,1,1,0.9965,0,0,0.3349,ISFP,INFP
0,0,0.3109,1,1,0.6354,1,1,0.9202,0,0,0.4543,ENFP,ENFP
1,1,0.7211,1,1,0.8174,1,1,0.9838,1,1,0.511,INFJ,INFJ
1,1,0.515,1,1,0.5971,0,0,0.1048,1,1,0.5062,INTJ,INTJ
1,1,0.9397,1,1,0.9753,1,1,0.9999,1,0,0.4849,INFJ,INFP
1,1,0.68,1,1,0.9281,0,0,0.0014,0,0,0.2491,INTP,INTP
1,1,0.8918,1,1,0.9523,1,1,0.9997,1,1,0.6893,INFJ,INFJ
1,1,0.5626,0,1,0.6439,1,1,0.993,0,0,0.1842,ISFP,INFP
1,1,0.7712,1,1,0.7736,1,1,0.9952,0,0,0.2175,INFP,INFP
1,1,0.7135,1,1,0.8911,0,1,0.8332,0,1,0.5342,INTP,INFJ
1,0,0.4627,1,1,0.5696,1,1,0.5496,1,1,0.5672,INFJ,ENFJ
1,1,0.644,1,1,0.8223,0,1,0.889,0,0,0.2001,INTP,INFP
1,1,0.7988,1,1,0.82,0,1,0.7415,0,0,0.1578,INTP,INFP
1,1,0.575,0,1,0.5778,0,0,0.2362,0,0,0.3713,ISTP,INTP
1,0,0.4266,1,1,0.7749,0,0,0.0289,0,0,0.4107,INTP,ENTP
1,1,0.7474,1,1,0.9972,0,0,0.0008,0,0,0.0037,INTP,INTP
1,1,0.8814,1,1,0.9102,1,1,1.0,1,0,0.1206,INFJ,INFP
1,1,0.5416,1,1,0.9124,0,0,0.0384,1,0,0.2173,INTJ,INTP
1,1,0.8689,1,1,0.838,1,1,0.9972,1,0,0.4809,INFJ,INFP
1,1,0.7474,1,1,0.8995,0,0,0.0116,1,0,0.4563,INTJ,INTP
1,0,0.4664,1,1,0.7238,0,0,0.0027,1,1,0.5166,INTJ,ENTJ
1,1,0.768,1,1,0.9418,0,0,0.1003,0,0,0.0538,INTP,INTP
1,1,0.6132,1,1,0.6801,1,1,0.7751,1,0,0.3282,INFJ,INFP
1,1,0.7095,1,1,0.9804,0,0,0.0191,0,0,0.4034,INTP,INTP
0,1,0.5585,1,1,0.9709,0,0,0.0008,0,0,0.3864,ENTP,INTP
0,0,0.3621,0,0,0.3922,1,1,0.8109,0,1,0.5222,ESFP,ESFJ
1,1,0.7059,1,1,0.9566,0,0,0.0065,0,0,0.1474,INTP,INTP
0,1,0.5194,1,1,0.6126,1,1,0.9086,0,0,0.3484,ENFP,INFP
1,1,0.9873,1,1,0.999,1,1,0.9998,1,1,0.9642,INFJ,INFJ
1,1,0.6911,1,1,0.7582,1,1,0.9596,1,1,0.8087,INFJ,INFJ
1,1,0.6526,1,1,0.8571,0,0,0.1974,0,0,0.2659,INTP,INTP
1,1,0.6444,1,1,0.8493,1,1,0.9961,1,1,0.5684,INFJ,INFJ
1,1,0.5522,0,1,0.7665,1,1,0.9772,1,1,0.7818,ISFJ,INFJ
1,1,0.8493,1,1,0.9235,1,1,0.9451,0,0,0.3234,INFP,INFP
1,1,0.6181,1,1,0.7985,0,0,0.2056,1,1,0.7184,INTJ,INTJ
1,1,0.979,1,1,0.9972,1,1,0.9997,1,1,0.9935,INFJ,INFJ
1,0,0.3503,0,0,0.3775,0,1,0.5526,0,0,0.4402,ISTP,ESFP
0,0,0.4883,1,1,0.6062,0,0,0.1039,0,1,0.5147,ENTP,ENTJ
1,0,0.4232,0,0,0.4761,1,1,0.5591,0,0,0.3241,ISFP,ESFP
0,0,0.3593,1,1,0.5802,1,1,0.9997,0,0,0.1797,ENFP,ENFP
1,0,0.4896,1,1,0.5124,1,0,0.1912,1,0,0.3365,INFJ,ENTP
1,1,0.9293,1,1,0.8731,1,1,1.0,0,0,0.1207,INFP,INFP
